replicate	project	ticArea	acquiredRank	MS.Queue.order	Plate.Order	MacCoss.ID	Condition..Original.group.number.	Sample.Name	Animal.ID	SampleGroup	Sex	Age_months	Age_weeks	Marker	Housing.ID	Cohort	Hemolysis	Plate	Row	Position	Run.Order	Group.Order	TechnicalReplicate	Comments
X06_01_01_NeoV_PepMap5mm_PepSep8cmFossil_Astral_24min_Churchill_IEQC06_93	Aging_Mouse_EV	38388736000	61	85	2_B02	IEQC06	IEQC	IEQC6	JXC-IE-PL	IEQC	Mixed	NA	NA	NA	NA	NA	Low	2	B	2	62	62	62	NA
X06_01_01_NeoV_PepMap5mm_PepSep8cmFossil_Astral_24min_Churchill_IEQC05_90	Aging_Mouse_EV	38978813952	59	82	2_A12	IEQC05	IEQC	IEQC5	JXC-IE-PL	IEQC	Mixed	NA	NA	NA	NA	NA	Low	2	A	12	60	60	60	NA
X06_01_01_NeoV_PepMap5mm_PepSep8cmFossil_Astral_24min_Churchill_IEQC02_27	Aging_Mouse_EV	49042059264	12	21	1_B01	IEQC02	IEQC	IEQC2	JXC-IE-PL	IEQC	Mixed	NA	NA	NA	NA	NA	Low	1	B	1	13	13	13	NA
X06_01_01_NeoV_PepMap5mm_PepSep8cmFossil_Astral_24min_Churchill_IBQC02_36	Aging_Mouse_EV	62596874240	18	28	1_B07	IBQC02	IBQC	IBQC2	JXC-IB-PL	IBQC	Mixed	NA	NA	NA	NA	NA	Moderately severe	1	B	7	19	19	19	NA
X06_01_01_NeoV_PepMap5mm_PepSep8cmFossil_Astral_24min_Churchill_IEQC07_121	Aging_Mouse_EV	52198576128	78	115	2_C07	IEQC07	IEQC	IEQC7	JXC-IE-PL	IEQC	Mixed	NA	NA	NA	NA	NA	Low	2	C	7	79	79	79	NA
X06_01_01_NeoV_PepMap5mm_PepSep8cmFossil_Astral_24min_Churchill_IBQC03_58	Aging_Mouse_EV	66266791936	33	52	1_C10	IBQC03	IBQC	IBQC3	JXC-IB-PL	IBQC	Mixed	NA	NA	NA	NA	NA	Moderately severe	1	C	10	34	34	34	NA
X06_01_01_NeoV_PepMap5mm_PepSep8cmFossil_Astral_24min_Churchill_IEQC04_67	Aging_Mouse_EV	51042828288	41	61	1_D06	IEQC04	IEQC	IEQC4	JXC-IE-PL	IEQC	Mixed	NA	NA	NA	NA	NA	Low	1	D	6	42	42	42	NA
X06_01_01_NeoV_PepMap5mm_PepSep8cmFossil_Astral_24min_Churchill_IBQC06_104	Aging_Mouse_EV	40345792512	68	93	2_B09	IBQC06	IBQC	IBQC6	JXC-IB-PL	IBQC	Mixed	NA	NA	NA	NA	NA	Moderately severe	2	B	9	68	69	69	NA
X06_01_01_NeoV_PepMap5mm_PepSep8cmFossil_Astral_24min_Churchill_IBQC05_81	Aging_Mouse_EV	63090405376	51	73	2_A04	IBQC05	IBQC	IBQC5	JXC-IB-PL	IBQC	Mixed	NA	NA	NA	NA	NA	Moderately severe	2	A	4	52	52	52	NA
X06_01_01_NeoV_PepMap5mm_PepSep8cmFossil_Astral_24min_Churchill_IBQC01_14	Aging_Mouse_EV	65268326400	1	8	1_A02	IBQC01	IBQC	IBQC1	JXC-IB-PL	IBQC	Mixed	NA	NA	NA	NA	NA	Moderately severe	1	A	2	2	2	2	NA
X06_01_01_NeoV_PepMap5mm_PepSep8cmFossil_Astral_24min_Churchill_IBQC07_125	Aging_Mouse_EV	56106561536	82	119	2_C11	IBQC07	IBQC	IBQC7	JXC-IB-PL	IBQC	Mixed	NA	NA	NA	NA	NA	Moderately severe	2	C	11	83	83	83	NA
X06_01_01_NeoV_PepMap5mm_PepSep8cmFossil_Astral_24min_Churchill_IEQC03_51	Aging_Mouse_EV	61127045120	27	45	1_C04	IEQC03	IEQC	IEQC3	JXC-IE-PL	IEQC	Mixed	NA	NA	NA	NA	NA	Low	1	C	4	28	28	28	NA
X06_01_01_NeoV_PepMap5mm_PepSep8cmFossil_Astral_24min_Churchill_IBQC04_72	Aging_Mouse_EV	56994799616	43	64	1_D08	IBQC04	IBQC	IBQC4	JXC-IB-PL	IBQC	Mixed	NA	NA	NA	NA	NA	Moderately severe	1	D	8	44	44	44	NA
X06_01_01_NeoV_PepMap5mm_PepSep8cmFossil_Astral_24min_Churchill_IBQC08_130	Aging_Mouse_EV	47821586432	84	122	2_D01	IBQC08	IBQC	IBQC8	JXC-IB-PL	IBQC	Mixed	NA	NA	NA	NA	NA	Moderately severe	2	D	1	85	85	85	NA
X06_01_01_NeoV_PepMap5mm_PepSep8cmFossil_Astral_24min_Churchill_IEQC01_23	Aging_Mouse_EV	56134029312	9	17	1_A10	IEQC01	IEQC	IEQC1	JXC-IE-PL	IEQC	Mixed	NA	NA	NA	NA	NA	Low	1	A	10	10	10	10	NA
X06_01_01_NeoV_PepMap5mm_PepSep8cmFossil_Astral_24min_Churchill_IEQC08_132	Aging_Mouse_EV	48466350080	86	124	2_D03	IEQC08	IEQC	IEQC8	JXC-IE-PL	IEQC	Mixed	NA	NA	NA	NA	NA	Low	2	D	3	87	87	87	NA
X06_01_01_NeoV_PepMap5mm_PepSep8cmFossil_Astral_24min_Churchill_JXC0001_13	Aging_Mouse_EV	71619756032	0	7	1_A01	JXC0001	7	JXC0001	AgedB6-2635	7	Male	22.42	97	2R	9402	Aged_B6 24-Month Cohort	Very low	1	A	1	1	1	1	NA
X06_01_01_NeoV_PepMap5mm_PepSep8cmFossil_Astral_24min_Churchill_JXC0009_24	Aging_Mouse_EV	68217131008	10	18	1_A11	JXC0009	4	JXC0009	AgedB6-2031	4	Male	14.37	62	3L	9319	Aged_B6 15-Month Cohort_Vivek OF__FI Batch 4 Cohort D	Moderately low	1	A	11	11	11	11	NA
X06_01_01_NeoV_PepMap5mm_PepSep8cmFossil_Astral_24min_Churchill_JXC0002_15	Aging_Mouse_EV	80608616448	2	9	1_A03	JXC0002	4	JXC0002	AgedB6-2033	4	Male	14.37	62	2L1R	9319	Aged_B6 15-Month Cohort_Vivek OF__FI Batch 4 Cohort D	Moderate	1	A	3	3	3	3	NA
X06_01_01_NeoV_PepMap5mm_PepSep8cmFossil_Astral_24min_Churchill_JXC0006_20	Aging_Mouse_EV	67195875328	6	14	1_A07	JXC0006	5	JXC0006	AgedB6-1581	5	Female	17.36	75	3R	9367	Aged_B6 18-Month Cohort_Vivek OF__FI Batch 4 Cohort H	Moderately severe	1	A	7	7	7	7	NA
X06_01_01_NeoV_PepMap5mm_PepSep8cmFossil_Astral_24min_Churchill_JXC0010_25	Aging_Mouse_EV	61021929472	11	19	1_A12	JXC0010	3	JXC0010	AgedB6-2157	3	Male	11.15	48	B	9315	Aged_B6 12-Month Cohort_Vivek OF__FI Batch 4 Cohort I	Moderately low	1	A	12	12	12	12	NA
X06_01_01_NeoV_PepMap5mm_PepSep8cmFossil_Astral_24min_Churchill_JXC0005_18	Aging_Mouse_EV	52565041152	5	12	1_A06	JXC0005	1	JXC0005	AgedB6-2500	1	Male	5.85	25	2L	9310	Aged_B6 6-Month Cohort	Moderate	1	A	6	6	6	6	NA
X06_01_01_NeoV_PepMap5mm_PepSep8cmFossil_Astral_24min_Churchill_JXC0007_21	Aging_Mouse_EV	65047080960	7	15	1_A08	JXC0007	7	JXC0007	AgedB6-2642	7	Female	22.42	97	R	9399	Aged_B6 24-Month Cohort	Low	1	A	8	8	8	8	NA
X06_01_01_NeoV_PepMap5mm_PepSep8cmFossil_Astral_24min_Churchill_IEQC09_154	Aging_Mouse_EV	40536064000	103	144	2_E08	IEQC09	IEQC	IEQC9	JXC-IE-PL	IEQC	Mixed	NA	NA	NA	NA	NA	Low	2	E	8	103	104	104	NA
X06_01_01_NeoV_PepMap5mm_PepSep8cmFossil_Astral_24min_Churchill_JXC0008_22	Aging_Mouse_EV	67640524800	8	16	1_A09	JXC0008	8	JXC0008	AgedB6-2281	9	Male	29.33	127	2R	9408	Aged_B6 30-Month Cohort_Vivek OF__FI Batch 4 Cohort C	Low	1	A	9	9	9	9	NA
X06_01_01_NeoV_PepMap5mm_PepSep8cmFossil_Astral_24min_Churchill_JXC0012_29	Aging_Mouse_EV	55774466048	14	23	1_B03	JXC0012	7	JXC0012	AgedB6-2632	7	Male	22.42	97	R	9402	Aged_B6 24-Month Cohort	Moderate	1	B	3	15	15	15	NA
X06_01_01_NeoV_PepMap5mm_PepSep8cmFossil_Astral_24min_Churchill_JXC0004_17	Aging_Mouse_EV	77177708544	4	11	1_A05	JXC0004	6	JXC0004	AgedB6-1290	6	Female	20.48	89	2R	9372	Aged_B6 21-Month Cohort_Vivek OF__FI Batch 4 Cohort K	Moderately low	1	A	5	5	5	5	NA
X06_01_01_NeoV_PepMap5mm_PepSep8cmFossil_Astral_24min_Churchill_JXC0013_30	Aging_Mouse_EV	64305672192	15	24	1_B04	JXC0013	5	JXC0013	AgedB6-1395	5	Male	17.46	75	2R1L	9371	Aged_B6 18-Month Cohort_Vivek OF__FI Batch 4 Cohort K	Moderate	1	B	4	16	16	16	NA
X06_01_01_NeoV_PepMap5mm_PepSep8cmFossil_Astral_24min_Churchill_JXC0011_28	Aging_Mouse_EV	56544493568	13	22	1_B02	JXC0011	1	JXC0011	AgedB6-2495	1	Male	5.85	25	N	9310	Aged_B6 6-Month Cohort	Low	1	B	2	14	14	14	NA
X06_01_01_NeoV_PepMap5mm_PepSep8cmFossil_Astral_24min_Churchill_JXC0014_31	Aging_Mouse_EV	56020594688	16	25	1_B05	JXC0014	4	JXC0014	AgedB6-2014	4	Female	14.37	62	L	9317	Aged_B6 15-Month Cohort_Vivek OF__FI Batch 4 Cohort A	Moderate	1	B	5	17	17	17	NA
X06_01_01_NeoV_PepMap5mm_PepSep8cmFossil_Astral_24min_Churchill_JXC0003_16	Aging_Mouse_EV	68088541184	3	10	1_A04	JXC0003	2	JXC0003	AgedB6-2452	2	Male	8.15	35	R	9314	Aged_B6 9-Month Cohort	Moderate	1	A	4	4	4	4	NA
X06_01_01_NeoV_PepMap5mm_PepSep8cmFossil_Astral_24min_Churchill_JXC0015_32	Aging_Mouse_EV	58551128064	17	26	1_B06	JXC0015	3	JXC0015	AgedB6-2187	3	Female	11.15	48	2R	9312	Aged_B6 12-Month Cohort_Vivek OF__FI Batch 4 Cohort J	Low	1	B	6	18	18	18	NA
X06_01_01_NeoV_PepMap5mm_PepSep8cmFossil_Astral_24min_Churchill_JXC0018_39	Aging_Mouse_EV	45856907264	21	31	1_B10	JXC0018	7	JXC0018	AgedB6-2643	7	Female	22.42	97	L	9399	Aged_B6 24-Month Cohort	Severe	1	B	10	22	22	22	NA
X06_01_01_NeoV_PepMap5mm_PepSep8cmFossil_Astral_24min_Churchill_JXC0019_40	Aging_Mouse_EV	46505385984	22	32	1_B11	JXC0019	8	JXC0019	AgedB6-2179	9	Female	30.25	131	B	9404	Aged_B6 30-Month Cohort_Vivek OF__FI Batch 4 Cohort E	Severe	1	B	11	23	23	23	NA
X06_01_01_NeoV_PepMap5mm_PepSep8cmFossil_Astral_24min_Churchill_JXC0024_52	Aging_Mouse_EV	72651620352	28	46	1_C05	JXC0024	9	JXC0024	AgedB6-2806	8	Male	27	117	2R	9498	Aged_B6 27-Month Cohort	Moderately low	1	C	5	29	29	29	NA
X06_01_01_NeoV_PepMap5mm_PepSep8cmFossil_Astral_24min_Churchill_JXC0022_49	Aging_Mouse_EV	71068917760	25	43	1_C02	JXC0022	4	JXC0022	AgedB6-2004	4	Female	14.37	62	L	9316	Aged_B6 15-Month Cohort_Vivek OF__FI Batch 4 Cohort I	Moderate	1	C	2	26	26	26	NA
X06_01_01_NeoV_PepMap5mm_PepSep8cmFossil_Astral_24min_Churchill_JXC0016_37	Aging_Mouse_EV	55803756544	19	29	1_B08	JXC0016	6	JXC0016	AgedB6-1296	6	Male	20.48	89	2L1R	9373	Aged_B6 21-Month Cohort_Vivek OF__FI Batch 4 Cohort D	Severe	1	B	8	20	20	20	NA
X06_01_01_NeoV_PepMap5mm_PepSep8cmFossil_Astral_24min_Churchill_JXC0020_41	Aging_Mouse_EV	48262352896	23	33	1_B12	JXC0020	1	JXC0020	AgedB6-2462	1	Female	5.85	25	R	9309	Aged_B6 6-Month Cohort	Moderately low	1	B	12	24	24	24	NA
X06_01_01_NeoV_PepMap5mm_PepSep8cmFossil_Astral_24min_Churchill_JXC0021_48	Aging_Mouse_EV	57098252288	24	42	1_C01	JXC0021	1	JXC0021	AgedB6-2465	1	Female	5.85	25	2R	9309	Aged_B6 6-Month Cohort	Moderate	1	C	1	25	25	25	NA
X06_01_01_NeoV_PepMap5mm_PepSep8cmFossil_Astral_24min_Churchill_JXC0027_56	Aging_Mouse_EV	79050571776	31	50	1_C08	JXC0027	9	JXC0027	AgedB6-2815	8	Female	27	115	B	9508	Aged_B6 27-Month Cohort	Moderately low	1	C	8	32	32	32	NA
X06_01_01_NeoV_PepMap5mm_PepSep8cmFossil_Astral_24min_Churchill_JXC0025_53	Aging_Mouse_EV	64799977472	29	47	1_C06	JXC0025	5	JXC0025	AgedB6-1387	5	Male	17.46	75	R	9370	Aged_B6 18-Month Cohort_Vivek OF__FI Batch 4 Cohort K	Moderate	1	C	6	30	30	30	NA
X06_01_01_NeoV_PepMap5mm_PepSep8cmFossil_Astral_24min_Churchill_JXC0026_55	Aging_Mouse_EV	80383836160	30	49	1_C07	JXC0026	8	JXC0026	AgedB6-2284	9	Male	29.33	127	3L	9408	Aged_B6 30-Month Cohort_Vivek OF__FI Batch 4 Cohort C	Low	1	C	7	31	31	31	NA
X06_01_01_NeoV_PepMap5mm_PepSep8cmFossil_Astral_24min_Churchill_JXC0028_57	Aging_Mouse_EV	71920533504	32	51	1_C09	JXC0028	3	JXC0028	AgedB6-2190	3	Female	11.15	48	3L	9312	Aged_B6 12-Month Cohort_Vivek OF__FI Batch 4 Cohort J	Low	1	C	9	33	33	33	NA
X06_01_01_NeoV_PepMap5mm_PepSep8cmFossil_Astral_24min_Churchill_JXC0023_50	Aging_Mouse_EV	60447600640	26	44	1_C03	JXC0023	6	JXC0023	AgedB6-1287	6	Female	20.48	89	R	9372	Aged_B6 21-Month Cohort_Vivek OF__FI Batch 4 Cohort K	Moderately low	1	C	3	27	27	27	NA
X06_01_01_NeoV_PepMap5mm_PepSep8cmFossil_Astral_24min_Churchill_JXC0029_59	Aging_Mouse_EV	66206154752	34	53	1_C11	JXC0029	2	JXC0029	AgedB6-2423	2	Female	8.15	35	R	9311	Aged_B6 9-Month Cohort	Moderate	1	C	11	35	35	35	NA
X06_01_01_NeoV_PepMap5mm_PepSep8cmFossil_Astral_24min_Churchill_JXC0017_38	Aging_Mouse_EV	43021406208	20	30	1_B09	JXC0017	2	JXC0017	AgedB6-2448	2	Male	8.15	35	R	9313	Aged_B6 9-Month Cohort	Moderate	1	B	9	21	21	21	NA
X06_01_01_NeoV_PepMap5mm_PepSep8cmFossil_Astral_24min_Churchill_JXC0030_60	Aging_Mouse_EV	62533165056	35	54	1_C12	JXC0030	5	JXC0030	AgedB6-1389	5	Male	17.46	75	B	9370	Aged_B6 18-Month Cohort_Vivek OF__FI Batch 4 Cohort K	Moderately low	1	C	12	36	36	36	NA
X06_01_01_NeoV_PepMap5mm_PepSep8cmFossil_Astral_24min_Churchill_JXC0031_62	Aging_Mouse_EV	48751112192	36	56	1_D01	JXC0031	6	JXC0031	AgedB6-1284	6	Male	20.58	89	2R	9374	Aged_B6 21-Month Cohort_Vivek OF__FI Batch 4 Cohort B	Very severe	1	D	1	37	37	37	NA
X06_01_01_NeoV_PepMap5mm_PepSep8cmFossil_Astral_24min_Churchill_JXC0032_63	Aging_Mouse_EV	60628631552	37	57	1_D02	JXC0032	3	JXC0032	AgedB6-2155	3	Male	11.15	48	R	9315	Aged_B6 12-Month Cohort_Vivek OF__FI Batch 4 Cohort I	Low	1	D	2	38	38	38	NA
X06_01_01_NeoV_PepMap5mm_PepSep8cmFossil_Astral_24min_Churchill_JXC0033_64	Aging_Mouse_EV	56894988288	38	58	1_D03	JXC0033	9	JXC0033	AgedB6-2803	8	Male	27	117	R	9498	Aged_B6 27-Month Cohort	Low	1	D	3	39	39	39	NA
X06_01_01_NeoV_PepMap5mm_PepSep8cmFossil_Astral_24min_Churchill_JXC0036_71	Aging_Mouse_EV	67519082496	42	63	1_D07	JXC0036	7	JXC0036	AgedB6-2638	7	Male	22.42	97	3R	9402	Aged_B6 24-Month Cohort	Severe	1	D	7	43	43	43	NA
X06_01_01_NeoV_PepMap5mm_PepSep8cmFossil_Astral_24min_Churchill_JXC0037_73	Aging_Mouse_EV	70984515584	44	65	1_D09	JXC0037	5	JXC0037	AgedB6-1385	5	Female	17.46	75	2L	9369	Aged_B6 18-Month Cohort_Vivek OF__FI Batch 4 Cohort G	Moderately severe	1	D	9	45	45	45	NA
X06_01_01_NeoV_PepMap5mm_PepSep8cmFossil_Astral_24min_Churchill_JXC0035_66	Aging_Mouse_EV	50307022848	40	60	1_D05	JXC0035	3	JXC0035	AgedB6-2185	3	Female	11.15	48	L	9312	Aged_B6 12-Month Cohort_Vivek OF__FI Batch 4 Cohort J	Low	1	D	5	41	41	41	NA
X06_01_01_NeoV_PepMap5mm_PepSep8cmFossil_Astral_24min_Churchill_JXC0034_65	Aging_Mouse_EV	58007199744	39	59	1_D04	JXC0034	4	JXC0034	AgedB6-2032	4	Male	14.37	62	2R1L	9319	Aged_B6 15-Month Cohort_Vivek OF__FI Batch 4 Cohort D	Low	1	D	4	40	40	40	NA
X06_01_01_NeoV_PepMap5mm_PepSep8cmFossil_Astral_24min_Churchill_JXC0039_75	Aging_Mouse_EV	51291725824	46	67	1_D11	JXC0039	1	JXC0039	AgedB6-2461	1	Female	5.85	25	N	9309	Aged_B6 6-Month Cohort	Moderately low	1	D	11	47	47	47	NA
X06_01_01_NeoV_PepMap5mm_PepSep8cmFossil_Astral_24min_Churchill_JXC0038_74	Aging_Mouse_EV	50464780288	45	66	1_D10	JXC0038	2	JXC0038	AgedB6-2424	2	Female	8.15	35	L	9311	Aged_B6 9-Month Cohort	Moderately low	1	D	10	46	46	46	NA
X06_01_01_NeoV_PepMap5mm_PepSep8cmFossil_Astral_24min_Churchill_JXC0043_80	Aging_Mouse_EV	63183716352	50	72	2_A03	JXC0043	8	JXC0043	AgedB6-2278	9	Male	29.33	127	R	9408	Aged_B6 30-Month Cohort_Vivek OF__FI Batch 4 Cohort C	Moderate	2	A	3	51	51	51	NA
X06_01_01_NeoV_PepMap5mm_PepSep8cmFossil_Astral_24min_Churchill_JXC0041_78	Aging_Mouse_EV	51955294208	48	70	2_A01	JXC0041	2	JXC0041	AgedB6-2425	2	Female	8.15	35	B	9311	Aged_B6 9-Month Cohort	Low	2	A	1	49	49	49	NA
X06_01_01_NeoV_PepMap5mm_PepSep8cmFossil_Astral_24min_Churchill_JXC0040_76	Aging_Mouse_EV	59654565888	47	68	1_D12	JXC0040	7	JXC0040	AgedB6-2640	7	Female	22.42	97	N	9398	Aged_B6 24-Month Cohort	Severe	1	D	12	48	48	48	NA
X06_01_01_NeoV_PepMap5mm_PepSep8cmFossil_Astral_24min_Churchill_JXC0045_83	Aging_Mouse_EV	75854045184	53	75	2_A06	JXC0045	9	JXC0045	AgedB6-2819	8	Female	27	115	B	9510	Aged_B6 27-Month Cohort	Very low	2	A	6	54	54	54	NA
X06_01_01_NeoV_PepMap5mm_PepSep8cmFossil_Astral_24min_Churchill_JXC0042_79	Aging_Mouse_EV	61314502656	49	71	2_A02	JXC0042	7	JXC0042	AgedB6-2634	7	Male	22.42	97	B	9402	Aged_B6 24-Month Cohort	Severe	2	A	2	50	50	50	NA
X06_01_01_NeoV_PepMap5mm_PepSep8cmFossil_Astral_24min_Churchill_JXC0044_82	Aging_Mouse_EV	55359979520	52	74	2_A05	JXC0044	1	JXC0044	AgedB6-2499	1	Male	5.85	25	2R	9310	Aged_B6 6-Month Cohort	Very low	2	A	5	53	53	53	NA
X06_01_01_NeoV_PepMap5mm_PepSep8cmFossil_Astral_24min_Churchill_JXC0046_85	Aging_Mouse_EV	50239082496	54	77	2_A07	JXC0046	3	JXC0046	AgedB6-2156	3	Male	11.15	48	L	9315	Aged_B6 12-Month Cohort_Vivek OF__FI Batch 4 Cohort I	Moderately low	2	A	7	55	55	55	NA
X06_01_01_NeoV_PepMap5mm_PepSep8cmFossil_Astral_24min_Churchill_JXC0047_86	Aging_Mouse_EV	50562961408	55	78	2_A08	JXC0047	1	JXC0047	AgedB6-2463	1	Female	5.85	25	L	9309	Aged_B6 6-Month Cohort	Moderately low	2	A	8	56	56	56	NA
X06_01_01_NeoV_PepMap5mm_PepSep8cmFossil_Astral_24min_Churchill_JXC0048_87	Aging_Mouse_EV	58606329856	56	79	2_A09	JXC0048	7	JXC0048	AgedB6-2641	7	Female	22.42	97	N	9399	Aged_B6 24-Month Cohort	Low	2	A	9	57	57	57	NA
X06_01_01_NeoV_PepMap5mm_PepSep8cmFossil_Astral_24min_Churchill_JXC0049_88	Aging_Mouse_EV	42167906304	57	80	2_A10	JXC0049	5	JXC0049	AgedB6-1390	5	Male	17.46	75	2R	9370	Aged_B6 18-Month Cohort_Vivek OF__FI Batch 4 Cohort K	Low	2	A	10	58	58	58	NA
X06_01_01_NeoV_PepMap5mm_PepSep8cmFossil_Astral_24min_Churchill_JXC0051_92	Aging_Mouse_EV	50342404096	60	84	2_B01	JXC0051	8	JXC0051	AgedB6-2181	9	Female	30.25	131	R	9405	Aged_B6 30-Month Cohort_Vivek OF__FI Batch 4 Cohort A	Severe	2	B	1	61	61	61	NA
X06_01_01_NeoV_PepMap5mm_PepSep8cmFossil_Astral_24min_Churchill_JXC0050_89	Aging_Mouse_EV	41654710272	58	81	2_A11	JXC0050	6	JXC0050	AgedB6-1294	6	Male	20.48	89	2L	9373	Aged_B6 21-Month Cohort_Vivek OF__FI Batch 4 Cohort D	Moderately low	2	A	11	59	59	59	NA
X06_01_01_NeoV_PepMap5mm_PepSep8cmFossil_Astral_24min_Churchill_JXC0056_102	Aging_Mouse_EV	39890018304	66	99	2_B07	JXC0056	1	JXC0056	AgedB6-2498	1	Male	5.85	25	B	9310	Aged_B6 6-Month Cohort	Low	2	B	7	72	67	67	NA
X06_01_01_NeoV_PepMap5mm_PepSep8cmFossil_Astral_24min_Churchill_JXC0053_98	Aging_Mouse_EV	51164336128	63	87	2_B04	JXC0053	6	JXC0053	AgedB6-1285	6	Male	20.58	89	2L	9374	Aged_B6 21-Month Cohort_Vivek OF__FI Batch 4 Cohort B	Moderate	2	B	4	64	64	64	NA
X06_01_01_NeoV_PepMap5mm_PepSep8cmFossil_Astral_24min_Churchill_JXC0052_94	Aging_Mouse_EV	41182785536	62	86	2_B03	JXC0052	5	JXC0052	AgedB6-1585	5	Female	17.36	75	N	9368	Aged_B6 18-Month Cohort_Vivek OF__FI Batch 4 Cohort C	Severe	2	B	3	63	63	63	NA
X06_01_01_NeoV_PepMap5mm_PepSep8cmFossil_Astral_24min_Churchill_JXC0057_103	Aging_Mouse_EV	42560434176	67	92	2_B08	JXC0057	2	JXC0057	AgedB6-2426	2	Female	8.15	35	2R	9311	Aged_B6 9-Month Cohort	Moderately low	2	B	8	67	68	68	NA
X06_01_01_NeoV_PepMap5mm_PepSep8cmFossil_Astral_24min_Churchill_JXC0055_100	Aging_Mouse_EV	36737183744	65	89	2_B06	JXC0055	4	JXC0055	AgedB6-2013	4	Female	14.37	62	R	9317	Aged_B6 15-Month Cohort_Vivek OF__FI Batch 4 Cohort A	Moderate	2	B	6	66	66	66	NA
X06_01_01_NeoV_PepMap5mm_PepSep8cmFossil_Astral_24min_Churchill_JXC0054_99	Aging_Mouse_EV	38872707072	64	88	2_B05	JXC0054	2	JXC0054	AgedB6-2451	2	Male	8.15	35	N	9314	Aged_B6 9-Month Cohort	Very severe	2	B	5	65	65	65	NA
X06_01_01_NeoV_PepMap5mm_PepSep8cmFossil_Astral_24min_Churchill_JXC0058_105	Aging_Mouse_EV	56852176896	69	94	2_B10	JXC0058	3	JXC0058	AgedB6-2191	3	Female	11.15	48	2R1L	9312	Aged_B6 12-Month Cohort_Vivek OF__FI Batch 4 Cohort J	Moderately low	2	B	10	69	70	70	NA
X06_01_01_NeoV_PepMap5mm_PepSep8cmFossil_Astral_24min_Churchill_JXC0060_107	Aging_Mouse_EV	42711379968	71	96	2_B12	JXC0060	4	JXC0060	AgedB6-2030	4	Male	14.37	62	3R	9319	Aged_B6 15-Month Cohort_Vivek OF__FI Batch 4 Cohort D	Severe	2	B	12	71	72	72	NA
X06_01_01_NeoV_PepMap5mm_PepSep8cmFossil_Astral_24min_Churchill_JXC0059_106	Aging_Mouse_EV	29096906752	70	95	2_B11	JXC0059	7	JXC0059	AgedB6-2633	7	Male	22.42	97	L	9402	Aged_B6 24-Month Cohort	Low	2	B	11	70	71	71	NA
X06_01_01_NeoV_PepMap5mm_PepSep8cmFossil_Astral_24min_Churchill_JXC0061_114	Aging_Mouse_EV	51555917824	72	108	2_C01	JXC0061	5	JXC0061	AgedB6-1391	5	Female	17.46	75	2R1L	9369	Aged_B6 18-Month Cohort_Vivek OF__FI Batch 4 Cohort G	Very severe	2	C	1	73	73	73	NA
X06_01_01_NeoV_PepMap5mm_PepSep8cmFossil_Astral_24min_Churchill_JXC0062_115	Aging_Mouse_EV	49208815616	73	109	2_C02	JXC0062	2	JXC0062	AgedB6-2427	2	Female	8.15	35	2L	9311	Aged_B6 9-Month Cohort	Low	2	C	2	74	74	74	NA
X06_01_01_NeoV_PepMap5mm_PepSep8cmFossil_Astral_24min_Churchill_JXC0063_116	Aging_Mouse_EV	53042143232	74	110	2_C03	JXC0063	3	JXC0063	AgedB6-2158	3	Male	11.15	48	2R	9315	Aged_B6 12-Month Cohort_Vivek OF__FI Batch 4 Cohort I	Low	2	C	3	75	75	75	NA
X06_01_01_NeoV_PepMap5mm_PepSep8cmFossil_Astral_24min_Churchill_JXC0064_117	Aging_Mouse_EV	55706374144	75	111	2_C04	JXC0064	1	JXC0064	AgedB6-2466	1	Female	5.85	25	2L	9309	Aged_B6 6-Month Cohort	Moderate	2	C	4	76	76	76	NA
X06_01_01_NeoV_PepMap5mm_PepSep8cmFossil_Astral_24min_Churchill_JXC0065_118	Aging_Mouse_EV	50546434048	76	112	2_C05	JXC0065	7	JXC0065	AgedB6-2636	7	Male	22.42	97	2L	9402	Aged_B6 24-Month Cohort	Moderately low	2	C	5	77	77	77	NA
X06_01_01_NeoV_PepMap5mm_PepSep8cmFossil_Astral_24min_Churchill_JXC0067_122	Aging_Mouse_EV	45987864576	79	116	2_C08	JXC0067	4	JXC0067	AgedB6-2008	4	Female	14.37	62	3R	9316	Aged_B6 15-Month Cohort_Vivek OF__FI Batch 4 Cohort I	Moderately low	2	C	8	80	80	80	NA
X06_01_01_NeoV_PepMap5mm_PepSep8cmFossil_Astral_24min_Churchill_JXC0068_123	Aging_Mouse_EV	52113989632	80	117	2_C09	JXC0068	1	JXC0068	AgedB6-2496	1	Male	5.85	25	R	9310	Aged_B6 6-Month Cohort	Severe	2	C	9	81	81	81	NA
X06_01_01_NeoV_PepMap5mm_PepSep8cmFossil_Astral_24min_Churchill_JXC0071_131	Aging_Mouse_EV	50117902336	85	123	2_D02	JXC0071	6	JXC0071	AgedB6-1298	6	Female	20.48	89	2RIL	9372	Aged_B6 21-Month Cohort_Vivek OF__FI Batch 4 Cohort K	Low	2	D	2	86	86	86	NA
X06_01_01_NeoV_PepMap5mm_PepSep8cmFossil_Astral_24min_Churchill_JXC0066_119	Aging_Mouse_EV	56503529472	77	113	2_C06	JXC0066	6	JXC0066	AgedB6-1297	6	Female	20.48	89	3L	9413	Aged_B6 21-Month Cohort_Vivek OF__FI Batch 4 Cohort K	Moderate	2	C	6	78	78	78	NA
X06_01_01_NeoV_PepMap5mm_PepSep8cmFossil_Astral_24min_Churchill_JXC0069_124	Aging_Mouse_EV	48152637440	81	118	2_C10	JXC0069	9	JXC0069	AgedB6-2802	8	Male	27	118	N	9498	Aged_B6 27-Month Cohort	Moderate	2	C	10	82	82	82	NA
X06_01_01_NeoV_PepMap5mm_PepSep8cmFossil_Astral_24min_Churchill_JXC0070_126	Aging_Mouse_EV	49441845248	83	120	2_C12	JXC0070	6	JXC0070	AgedB6-1288	6	Female	20.48	89	L	9372	Aged_B6 21-Month Cohort_Vivek OF__FI Batch 4 Cohort K	Moderately severe	2	C	12	84	84	84	NA
X06_01_01_NeoV_PepMap5mm_PepSep8cmFossil_Astral_24min_Churchill_JXC0073_134	Aging_Mouse_EV	50091651072	88	126	2_D05	JXC0073	5	JXC0073	AgedB6-1394	5	Male	17.46	75	2L	9370	Aged_B6 18-Month Cohort_Vivek OF__FI Batch 4 Cohort K	Severe	2	D	5	89	89	89	NA
X06_01_01_NeoV_PepMap5mm_PepSep8cmFossil_Astral_24min_Churchill_JXC0075_137	Aging_Mouse_EV	51973742592	90	129	2_D07	JXC0075	2	JXC0075	AgedB6-2447	2	Male	8.15	35	N	9313	Aged_B6 9-Month Cohort	Moderately severe	2	D	7	91	91	91	NA
X06_01_01_NeoV_PepMap5mm_PepSep8cmFossil_Astral_24min_Churchill_JXC0074_135	Aging_Mouse_EV	48296812544	89	127	2_D06	JXC0074	8	JXC0074	AgedB6-2279	9	Male	29.33	127	L	9408	Aged_B6 30-Month Cohort_Vivek OF__FI Batch 4 Cohort C	Low	2	D	6	90	90	90	NA
X06_01_01_NeoV_PepMap5mm_PepSep8cmFossil_Astral_24min_Churchill_JXC0076_138	Aging_Mouse_EV	58033999872	91	130	2_D08	JXC0076	3	JXC0076	AgedB6-2154	3	Male	11.15	48	N	9315	Aged_B6 12-Month Cohort_Vivek OF__FI Batch 4 Cohort I	Moderate	2	D	8	92	92	92	NA
X06_01_01_NeoV_PepMap5mm_PepSep8cmFossil_Astral_24min_Churchill_JXC0072_133	Aging_Mouse_EV	51770691584	87	125	2_D04	JXC0072	7	JXC0072	AgedB6-2645	7	Female	22.42	97	R	9411	Aged_B6 24-Month Cohort	Moderately low	2	D	4	88	88	88	NA
X06_01_01_NeoV_PepMap5mm_PepSep8cmFossil_Astral_24min_Churchill_JXC0077_139	Aging_Mouse_EV	52927713280	92	131	2_D09	JXC0077	6	JXC0077	AgedB6-1293	6	Male	20.48	89	3R	9373	Aged_B6 21-Month Cohort_Vivek OF__FI Batch 4 Cohort D	Low	2	D	9	93	93	93	NA
X06_01_01_NeoV_PepMap5mm_PepSep8cmFossil_Astral_24min_Churchill_JXC0079_141	Aging_Mouse_EV	40317739008	94	133	2_D11	JXC0079	9	JXC0079	AgedB6-2804	8	Male	27	117	L	9498	Aged_B6 27-Month Cohort	Low	2	D	11	95	95	95	NA
X06_01_01_NeoV_PepMap5mm_PepSep8cmFossil_Astral_24min_Churchill_JXC0078_140	Aging_Mouse_EV	52535390208	93	132	2_D10	JXC0078	4	JXC0078	AgedB6-2022	4	Male	14.37	62	N	9318	Aged_B6 15-Month Cohort_Vivek OF__FI Batch 4 Cohort C	Severe	2	D	10	94	94	94	NA
X06_01_01_NeoV_PepMap5mm_PepSep8cmFossil_Astral_24min_Churchill_JXC0080_142	Aging_Mouse_EV	54476906496	95	134	2_D12	JXC0080	8	JXC0080	AgedB6-2178	9	Female	30.25	131	L	9404	Aged_B6 30-Month Cohort_Vivek OF__FI Batch 4 Cohort E	Low	2	D	12	96	96	96	NA
X06_01_01_NeoV_PepMap5mm_PepSep8cmFossil_Astral_24min_Churchill_JXC0081_144	Aging_Mouse_EV	56692637696	96	136	2_E01	JXC0081	4	JXC0081	AgedB6-2016	4	Female	14.37	62	2R	9317	Aged_B6 15-Month Cohort_Vivek OF__FI Batch 4 Cohort A	Moderate	2	E	1	97	97	97	NA
X06_01_01_NeoV_PepMap5mm_PepSep8cmFossil_Astral_24min_Churchill_JXC0082_145	Aging_Mouse_EV	51234824192	97	137	2_E02	JXC0082	5	JXC0082	AgedB6-1584	5	Female	17.36	75	2L1R	9367	Aged_B6 18-Month Cohort_Vivek OF__FI Batch 4 Cohort H	Moderately low	2	E	2	98	98	98	NA
X06_01_01_NeoV_PepMap5mm_PepSep8cmFossil_Astral_24min_Churchill_JXC0083_146	Aging_Mouse_EV	47687569408	98	138	2_E03	JXC0083	2	JXC0083	AgedB6-2450	2	Male	8.15	35	B	9313	Aged_B6 9-Month Cohort	Moderate	2	E	3	99	99	99	NA
X06_01_01_NeoV_PepMap5mm_PepSep8cmFossil_Astral_24min_Churchill_JXC0084_147	Aging_Mouse_EV	47751385088	99	145	2_E04	JXC0084	3	JXC0084	AgedB6-2188	3	Female	11.15	48	2L	9312	Aged_B6 12-Month Cohort_Vivek OF__FI Batch 4 Cohort J	Low	2	E	4	104	100	100	NA
X06_01_01_NeoV_PepMap5mm_PepSep8cmFossil_Astral_24min_Churchill_JXC0086_153	Aging_Mouse_EV	48450355200	102	143	2_E07	JXC0086	9	JXC0086	AgedB6-2814	8	Female	27	115	L	9508	Aged_B6 27-Month Cohort	Low	2	E	7	102	103	103	NA
X06_01_01_NeoV_PepMap5mm_PepSep8cmFossil_Astral_24min_Churchill_JXC0085_151	Aging_Mouse_EV	50397855744	101	141	2_E06	JXC0085	7	JXC0085	AgedB6-2644	7	Female	22.42	97	N	9411	Aged_B6 24-Month Cohort	Moderately low	2	E	6	101	102	102	NA
X06_01_01_NeoV_PepMap5mm_PepSep8cmFossil_Astral_24min_Churchill_IBQC09_150	Aging_Mouse_EV	55735287808	100	140	2_E05	IBQC09	IBQC	IBQC9	JXC-IB-PL	IBQC	Mixed	NA	NA	NA	NA	NA	Moderately severe	2	E	5	100	101	101	NA
