Protein,Accession,Functional categories
ATS7,Q68SA9,Extracellular matrix
PHLD,O70362,Lipids and Lipoproteins
HVM57,P18528,Inflammation or Immune response
GFRA2,O08842,Neuronal survival |  kinase signalling
HVM56,P18527,Inflammation or Immune response
IGHV5-17,A0A075B5R1,Inflammation or Immune response
IGHV5-6,A0A075B5Q0,Inflammation or Immune response
AMBN,O55189,Extracellular matrix
FA7,P70375,Coagulation |  proteolysis
CPNS1,O88456,Proteolysis
DSG2,O55111,Extracellular matrix
LIFR,P42703,Inflammation or Immune response
PLIN1,Q8CGN5,Lipids and Lipoproteins
MUP12,A2CEK7,Olfactory signal
MUP7,E9QA79,Olfactory signal
MUP1,P11588,Olfactory signal
TFPI2,O35536,Coagulation |  proteolysis
PDIA4,P08003,Protein processing
PA24A,P47713,Inflammation or Immune response
TIF1B,Q62318,Nuclear protein
ENPL,P08113,Protein processing
IL1AP,Q61730,Inflammation or Immune response
MUG1,P28665,Immune response | protease inhibitor
ABCA1,P41233,Lipids and Lipoproteins
MUG2,P28666,Protease inhibitor
MUG5,A0A0N4SVU1,Protease inhibitor
MUP2,P11589,Olfactory signal
