feature,coefficient,nonzero_count
tr|A0A075B5N2|A0A075B5N2_MOUSE / tr|A0A140T8P2|A0A140T8P2_MOUSE,0.3659949123705606,50.0
sp|Q91W90|TXND5_MOUSE,0.36268641138546803,50.0
sp|Q7TQ62|PODN_MOUSE,0.3337024391014964,50.0
sp|O55189|AMBN_MOUSE,0.3287836213928628,50.0
sp|O08807|PRDX4_MOUSE,0.2837259754871619,50.0
sp|O70570|PIGR_MOUSE,0.24777600132779082,50.0
sp|P18242|CATD_MOUSE,0.22443283994143332,50.0
sp|P09581|CSF1R_MOUSE,0.20175698917573445,50.0
sp|P17426|AP2A1_MOUSE,0.19899634172876898,50.0
tr|A0A140T8P4|A0A140T8P4_MOUSE,0.19370297916939688,50.0
sp|O08710|THYG_MOUSE,0.1898192117846364,50.0
sp|P35285|RB22A_MOUSE / sp|Q921E2|RAB31_MOUSE,0.16977320061104714,46.0
sp|P28653|PGS1_MOUSE,0.1610475894259599,50.0
tr|A0A075B5S3|A0A075B5S3_MOUSE,0.16033962806562052,50.0
sp|Q9CYL5|GAPR1_MOUSE,0.15834667941782704,50.0
sp|Q61878|PRG2_MOUSE,0.15440372895528598,50.0
sp|O89051|ITM2B_MOUSE,0.143678654100962,50.0
sp|P07214|SPRC_MOUSE,0.14286877023611388,50.0
tr|A0A075B684|A0A075B684_MOUSE,0.14235240488707515,50.0
sp|P07724|ALBU_MOUSE,0.14052342273437554,50.0
tr|Q8HWB2|Q8HWB2_MOUSE,0.1396285074821959,50.0
sp|Q9QXP7|C1QT1_MOUSE,0.13765472881262197,50.0
sp|Q8CFX1|G6PE_MOUSE,0.1343299024347407,49.0
sp|P48759|PTX3_MOUSE,0.1325472884970268,50.0
sp|P61939|THBG_MOUSE,0.12350784015842907,50.0
sp|Q9R0E2|PLOD1_MOUSE,0.11644764583900502,50.0
tr|A0A0B4J1N0|A0A0B4J1N0_MOUSE,0.11603954129421236,50.0
sp|O35292|RNS2B_MOUSE,0.11452621450560921,49.0
sp|O55188|DMP1_MOUSE,0.11194093167580459,50.0
sp|Q9QZF2|GPC1_MOUSE,0.10935176273970586,47.0
sp|P01901|HA1B_MOUSE,0.10839353335104188,50.0
sp|P10923|OSTP_MOUSE,0.10760854951682784,44.0
sp|Q8BL97|SRSF7_MOUSE,0.10064398539710671,49.0
sp|Q9CZR2|NALD2_MOUSE,0.09900854920763104,45.0
sp|P01642|KV5A9_MOUSE,0.09749026168927089,49.0
sp|P57716|NICA_MOUSE,0.09707338954609447,48.0
sp|O08999|LTBP2_MOUSE,0.0928866827683316,49.0
sp|Q61207|SAP_MOUSE,0.09251619295903987,47.0
sp|O35536|TFPI2_MOUSE,0.08959359503699746,50.0
sp|Q8BG07|PLD4_MOUSE,0.08949019640796553,46.0
sp|P17427|AP2A2_MOUSE,0.08926602603931034,47.0
sp|P29533|VCAM1_MOUSE,0.08859697714074151,47.0
sp|Q9QYY7|ESM1_MOUSE,0.08782193687350469,47.0
sp|Q8CHP8|PGP_MOUSE,0.086143599286204,48.0
sp|P04117|FABP4_MOUSE,0.08062321500165863,47.0
sp|P03980|HVM48_MOUSE,0.07690755294210026,40.0
sp|Q9CPQ1|COX6C_MOUSE,0.07684652633082581,47.0
sp|P51175|PPOX_MOUSE,0.07180842166743977,41.0
sp|P07309|TTHY_MOUSE,0.0682791223198032,46.0
sp|O70423|AOC3_MOUSE,0.06387376417119993,42.0
sp|Q91X72|HEMO_MOUSE,0.06250972950191891,46.0
sp|O35103|OMD_MOUSE,0.06216836201436708,46.0
sp|Q7TNB8|SBNO2_MOUSE,0.06203452878751078,45.0
sp|P18181|CD48_MOUSE,0.0617130131082127,39.0
sp|Q8BWW9|PKN2_MOUSE,0.0591132005535218,48.0
tr|A0A075B5R8|A0A075B5R8_MOUSE / tr|A0A075B5R6|A0A075B5R6_MOUSE,0.05861658395730394,42.0
sp|Q00560|IL6RB_MOUSE,0.05791896577022984,43.0
sp|Q60767|LY75_MOUSE,0.05694919050155591,40.0
sp|P28862|MMP3_MOUSE / sp|O55123|MMP10_MOUSE,0.053783387773805584,37.0
sp|Q8CG03|PDE5A_MOUSE,0.05237003263800513,40.0
sp|P11672|NGAL_MOUSE,0.051471204161275895,39.0
sp|P27808|MGAT1_MOUSE,0.048348186360969964,41.0
sp|Q9DCT2|NDUS3_MOUSE,0.04792450157578663,40.0
sp|Q8R0T6|AGRG3_MOUSE,0.04750442209622651,34.0
sp|Q8R4U0|STAB2_MOUSE,0.04728343721019256,39.0
sp|Q63932|MP2K2_MOUSE,0.04598031668804981,32.0
sp|O35375|NRP2_MOUSE,0.04442689054552687,45.0
sp|Q6PDQ2|CHD4_MOUSE / sp|A2A8L1|CHD5_MOUSE,0.043981772107732346,37.0
sp|Q8K482|EMIL2_MOUSE,0.0434596620298127,39.0
sp|Q9Z2K1|K1C16_MOUSE,0.04245086916077862,42.0
sp|Q9WVK4|EHD1_MOUSE,0.04205295201906693,40.0
tr|A0A075B5U4|A0A075B5U4_MOUSE,0.0408680174318615,36.0
sp|Q30D77|COOA1_MOUSE,0.038229351961833774,34.0
sp|Q9QWL7|K1C17_MOUSE,0.03806763741463931,44.0
sp|Q6P9J9|ANO6_MOUSE,0.03738482783237251,32.0
sp|P22777|PAI1_MOUSE,0.0358462472395993,45.0
tr|A0A0A6YXW6|A0A0A6YXW6_MOUSE,0.035838289923262094,37.0
sp|O55106|STRN_MOUSE,0.035641654168641165,33.0
sp|Q9JME2|CHSTB_MOUSE,0.03541168943124513,33.0
sp|P14106|C1QB_MOUSE,0.034949746622610196,34.0
sp|A6X935|ITIH4_MOUSE,0.033541432750227716,32.0
sp|P59511|ATS20_MOUSE,0.03345376498515331,33.0
sp|Q8CG16|C1RA_MOUSE,0.03324487220655499,34.0
sp|Q80W65|PCSK9_MOUSE,0.03301522148862668,38.0
tr|A0A075B5W5|A0A075B5W5_MOUSE,0.03213893592612022,32.0
sp|P98086|C1QA_MOUSE,0.03176103131321388,33.0
tr|A0A075B5M7|A0A075B5M7_MOUSE,0.03174110201450235,34.0
sp|Q9WVJ3|CBPQ_MOUSE,0.030729837062310902,34.0
sp|Q99NH8|TREM2_MOUSE,0.03070116012330425,29.0
sp|Q9WUA3|PFKAP_MOUSE,0.030651368986056107,34.0
sp|P22892|AP1G1_MOUSE,0.03064670550300629,27.0
sp|Q6NVF9|CPSF6_MOUSE,0.030588191970552313,26.0
sp|P17182|ENOA_MOUSE,0.030515366208752625,32.0
sp|O08992|SDCB1_MOUSE,0.03002500973771838,31.0
sp|P40224|SDF1_MOUSE,0.029561312447217252,27.0
sp|P21803|FGFR2_MOUSE,0.027958278355779173,31.0
sp|Q62167|DDX3X_MOUSE,0.02724688053245114,33.0
sp|P97287|MCL1_MOUSE,0.02641351110311025,29.0
sp|Q3UZ09|C1RL_MOUSE,0.026229831931619235,32.0
sp|P15208|INSR_MOUSE,0.025792998536534627,24.0
sp|P14430|HA18_MOUSE,0.02557610143921389,29.0
sp|B2RUP2|UN13D_MOUSE,0.024703817171528947,27.0
sp|Q6IFX2|K1C42_MOUSE,0.024690500748635543,37.0
sp|Q9CYA6|ZCHC8_MOUSE,0.02362284606360128,29.0
sp|Q7TSK7|ATL2_MOUSE,0.023299796848921868,34.0
sp|Q9CR20|IR3IP_MOUSE,0.022765334645112486,24.0
sp|Q91ZJ5|UGPA_MOUSE,0.020431064617699453,22.0
sp|P63085|MK01_MOUSE,0.02029204414724528,23.0
sp|Q61781|K1C14_MOUSE,0.019862573935281295,37.0
tr|Q91WB5|Q91WB5_MOUSE,0.019715257376038593,22.0
sp|Q61093|CY24B_MOUSE,0.019532460938051464,14.0
sp|P61211|ARL1_MOUSE,0.018848585203261246,23.0
sp|Q07797|LG3BP_MOUSE,0.018737845695033693,23.0
sp|P58252|EF2_MOUSE,0.01870025803623526,18.0
sp|Q9CQZ5|NDUA6_MOUSE,0.01823118238392392,27.0
sp|Q91VK1|5MP1_MOUSE,0.018089757422841336,16.0
sp|Q9WUX5|IRAG1_MOUSE,0.018066598326059596,26.0
sp|P34902|IL2RG_MOUSE,0.017939158984596183,28.0
sp|Q9R233|TPSN_MOUSE,0.017239490529534277,31.0
sp|Q6PFR5|TRA2A_MOUSE,0.017070802138310377,26.0
sp|P47879|IBP4_MOUSE,0.016521453435706376,29.0
sp|Q9WV54|ASAH1_MOUSE,0.015646755341058638,23.0
tr|E9Q5I3|E9Q5I3_MOUSE,0.015181579615266356,22.0
sp|Q61599|GDIR2_MOUSE,0.015162194975461745,21.0
sp|P01647|KV5AE_MOUSE,0.015070353619400097,15.0
tr|A0A075B5K0|A0A075B5K0_MOUSE,0.014449256125580677,21.0
sp|P32261|ANT3_MOUSE,0.014226462675959381,22.0
tr|Q6S9I3|Q6S9I3_MOUSE,0.014179545670392377,24.0
tr|Q9QXN7|Q9QXN7_MOUSE,0.014167738670120986,17.0
sp|Q9R0N0|GALK1_MOUSE,0.014143739139599312,14.0
sp|Q9CXF4|TBC15_MOUSE,0.01396538523087692,18.0
sp|Q921M3|SF3B3_MOUSE,0.013499431879665885,20.0
sp|Q810U4|NRCAM_MOUSE,0.01331288156162106,17.0
sp|Q3UH66|WNK2_MOUSE / sp|Q80XP9|WNK3_MOUSE,0.013233137186643873,15.0
sp|Q9CX97|WDR55_MOUSE,0.012466728178235867,16.0
sp|Q5SVL6|RPGP2_MOUSE,0.012230853918069565,18.0
sp|Q8R409|HEXI1_MOUSE,0.012121834774335996,17.0
sp|Q9JM99|PRG4_MOUSE,0.012097724540469645,22.0
sp|Q99PT1|GDIR1_MOUSE,0.012043379466344034,12.0
tr|A0A0G2JDU0|A0A0G2JDU0_MOUSE,0.011884053097304193,22.0
sp|Q02105|C1QC_MOUSE,0.011826225961199581,17.0
sp|P09528|FRIH_MOUSE,0.011455911185403114,16.0
tr|J3QN89|J3QN89_MOUSE,0.010934535407051058,23.0
sp|Q9EST1|GSDMA_MOUSE / sp|Q5Y4Y6|GSDA3_MOUSE / sp|Q32M21|GSDA2_MOUSE,0.010802246015330528,13.0
sp|P23927|CRYAB_MOUSE,0.010330608250526101,14.0
sp|Q9Z0L8|GGH_MOUSE,0.010172162489290561,18.0
sp|O35685|NUDC_MOUSE,0.01000027745331516,13.0
sp|P01878|IGHA_MOUSE,0.009468871866344,13.0
sp|O08912|GALT1_MOUSE,0.009240681626361817,20.0
tr|A0A075B5Y6|A0A075B5Y6_MOUSE,0.008910741843926394,16.0
sp|Q8K4T1|SIA8F_MOUSE,0.008644355488008482,14.0
sp|P21550|ENOB_MOUSE,0.008635985605091764,10.0
sp|P63328|PP2BA_MOUSE,0.008566560142513335,11.0
sp|Q8BGE5|FANCM_MOUSE,0.008516630638996749,11.0
sp|Q8CI19|PDGFC_MOUSE,0.008339681812980306,15.0
sp|Q6NV83|SR140_MOUSE,0.00830119259673962,13.0
sp|P50446|K2C6A_MOUSE,0.008272842466517936,23.0
tr|B9EKK6|B9EKK6_MOUSE,0.008207380248361594,11.0
sp|O35350|CAN1_MOUSE,0.008122155803945241,15.0
sp|Q920Q4|VPS16_MOUSE,0.008114292906436497,14.0
sp|A2RT60|HTRA4_MOUSE,0.007879664787728873,13.0
sp|Q6ZQA0|NBEL2_MOUSE,0.007866264555988134,10.0
sp|P03977|KV3A4_MOUSE,0.007678108195498924,10.0
sp|P10605|CATB_MOUSE,0.0076759493483595466,14.0
sp|Q64471|GSTT1_MOUSE,0.007632353118500584,17.0
sp|O08677|KNG1_MOUSE,0.007510798889817278,11.0
tr|A0A075B5X6|A0A075B5X6_MOUSE,0.00739843621795186,9.0
sp|Q61114|BPIB1_MOUSE,0.007264589542164671,5.0
sp|P12246|SAMP_MOUSE,0.007172132778847809,13.0
sp|P98063|BMP1_MOUSE,0.007077756970344321,8.0
sp|P06909|CFAH_MOUSE,0.006933526661749907,6.0
sp|A1KXC4|FAIM3_MOUSE,0.006870202026317432,14.0
sp|Q8VE97|SRSF4_MOUSE,0.006302757070626172,9.0
sp|P16014|SCG1_MOUSE,0.006290734529968767,10.0
sp|O09043|NAPSA_MOUSE,0.006085343104843334,10.0
sp|Q9EQC5|SCYL1_MOUSE,0.006071507427928011,8.0
sp|P70451|FER_MOUSE,0.00606265660966016,5.0
sp|Q8VHN7|AGRV1_MOUSE,0.0060094050428292,7.0
sp|Q9CZ13|QCR1_MOUSE,0.005989794512164616,9.0
sp|Q9D0I9|SYRC_MOUSE,0.005894321073579455,8.0
sp|P10852|4F2_MOUSE,0.005834213109475695,7.0
sp|P18052|PTPRA_MOUSE,0.005497139768388603,5.0
tr|A0A075B5P8|A0A075B5P8_MOUSE,0.005173535202119732,11.0
sp|Q3U515|VWCE_MOUSE,0.005135090438812613,6.0
sp|O88312|AGR2_MOUSE,0.0050978776556663994,4.0
tr|A0A075B5Q2|A0A075B5Q2_MOUSE,0.00505468786506675,6.0
sp|Q61147|CERU_MOUSE,0.0049217310057947635,19.0
sp|P84244|H33_MOUSE / sp|P02301|H3C_MOUSE / sp|P68433|H31_MOUSE / sp|P84228|H32_MOUSE,0.004917360455063352,7.0
sp|Q8VED5|K2C79_MOUSE,0.004785369294938281,9.0
sp|P33434|MMP2_MOUSE,0.004735970652195755,8.0
tr|A0A140T8P5|A0A140T8P5_MOUSE,0.004544313455676487,7.0
tr|A0A0B4J1J3|A0A0B4J1J3_MOUSE / tr|A0A075B5N5|A0A075B5N5_MOUSE,0.004360821128905636,8.0
sp|P10493|NID1_MOUSE,0.004333394401699959,10.0
sp|O54890|ITB3_MOUSE,0.004296466374851713,5.0
sp|Q8VCS0|PGRP2_MOUSE,0.004025831718650685,7.0
sp|Q9WUA2|SYFB_MOUSE,0.004024380836634931,2.0
tr|A0A140T8N3|A0A140T8N3_MOUSE,0.003972366400868461,6.0
sp|P12367|KAP2_MOUSE,0.0039015648487434433,9.0
tr|A0A140T8N9|A0A140T8N9_MOUSE,0.0038086972259085776,10.0
tr|A0A075B666|A0A075B666_MOUSE,0.0037092116271740007,7.0
sp|Q9CWK8|SNX2_MOUSE,0.003629260204255975,6.0
sp|P52760|RIDA_MOUSE,0.0035704875734266965,9.0
sp|Q3UX10|TBAL3_MOUSE,0.0035618591767401188,7.0
sp|Q9CR68|UCRI_MOUSE,0.003384599737704384,7.0
sp|Q0VE82|CPNE7_MOUSE / sp|P59108|CPNE2_MOUSE / sp|Q8JZW4|CPNE5_MOUSE / sp|Q1RLL3|CPNE9_MOUSE / sp|Q9Z140|CPNE6_MOUSE / sp|Q8BT60|CPNE3_MOUSE / sp|Q9DC53|CPNE8_MOUSE / sp|Q8BLR2|CPNE4_MOUSE,0.003166367720628725,3.0
tr|A0A0B4J1J0|A0A0B4J1J0_MOUSE,0.003124172437900574,5.0
sp|Q921F2|TADBP_MOUSE,0.0030997565811989062,7.0
sp|Q07076|ANXA7_MOUSE,0.0030687485954923265,4.0
tr|A0A140T8N4|A0A140T8N4_MOUSE,0.002992529969164536,3.0
sp|P49817|CAV1_MOUSE,0.002967957989055577,5.0
sp|Q60778|IKBB_MOUSE,0.002929190757515776,10.0
sp|P62307|RUXF_MOUSE,0.002786361481215503,6.0
sp|Q9Z2Q6|SEPT5_MOUSE,0.0027423690318397536,6.0
sp|P40237|CD82_MOUSE,0.0025986661086177874,5.0
tr|A2ARY0|A2ARY0_MOUSE,0.0024936889019505056,5.0
sp|Q9CYR6|AGM1_MOUSE,0.002449982250020045,3.0
sp|Q9QUM0|ITA2B_MOUSE,0.0024245272587348193,4.0
sp|Q91Y74|SIA4C_MOUSE,0.002423289934447316,2.0
sp|P50247|SAHH_MOUSE,0.002417123870068513,4.0
sp|Q9CWK3|CD2B2_MOUSE,0.0023931704632137547,4.0
sp|Q9DD06|RARR2_MOUSE,0.0023891180364127122,4.0
sp|O08808|DIAP1_MOUSE,0.0023741277956216074,3.0
sp|Q9Z0X4|PDE3A_MOUSE,0.0023341111456467206,5.0
sp|O08759|UBE3A_MOUSE,0.002306604884814804,4.0
tr|A0A075B6A7|A0A075B6A7_MOUSE,0.002300476492490196,4.0
sp|Q9QX15|CA3A1_MOUSE,0.002256569805324162,3.0
sp|Q91WR6|GINM1_MOUSE,0.0020375882868320138,4.0
tr|A0A075B5L7|A0A075B5L7_MOUSE,0.001996894551517717,2.0
sp|P24452|CAPG_MOUSE,0.0019277702894377863,3.0
sp|Q9Z0K8|VNN1_MOUSE,0.0019034593499687674,6.0
sp|Q8BQ47|CNPY4_MOUSE,0.0018702792047509615,4.0
sp|O70591|PFD2_MOUSE,0.0017790874976321602,6.0
sp|P22315|HEMH_MOUSE,0.0017767686230914276,1.0
sp|P18761|CAH6_MOUSE,0.001740254946757877,6.0
tr|A0A075B5N3|A0A075B5N3_MOUSE,0.0016736616782293645,4.0
sp|Q91W96|APC4_MOUSE,0.001539839311902893,6.0
sp|P36993|PPM1B_MOUSE,0.0015287326263986128,1.0
sp|Q9QXC1|FETUB_MOUSE,0.0015231046995669237,3.0
sp|Q922U2|K2C5_MOUSE,0.001515574052179195,7.0
sp|B9EJV3|GRB1L_MOUSE,0.0015054029268354776,5.0
sp|Q8R2U2|NEPRO_MOUSE,0.0014870653180139707,6.0
sp|P10810|CD14_MOUSE,0.0014160293265633608,2.0
sp|P61957|SUMO2_MOUSE / sp|Q9Z172|SUMO3_MOUSE,0.001413080923546305,1.0
sp|P19096|FAS_MOUSE,0.001412918509102552,2.0
sp|O35490|BHMT1_MOUSE,0.0014124492293951228,1.0
sp|Q9DCQ7|A1AT6_MOUSE,0.0013855491434358242,3.0
sp|P08113|ENPL_MOUSE,0.0013557667565938256,4.0
sp|Q0VBK2|K2C80_MOUSE,0.0013188769937456937,3.0
sp|Q99KB8|GLO2_MOUSE,0.001305224058687029,4.0
sp|Q9JLF6|TGM1_MOUSE,0.0012798303068549965,3.0
sp|Q9D1Q6|ERP44_MOUSE,0.001246206086708513,3.0
sp|Q8QZY6|TSN14_MOUSE,0.001221992308023663,5.0
sp|Q923T9|KCC2G_MOUSE / sp|P28652|KCC2B_MOUSE,0.0011998447899948003,4.0
tr|O08804|O08804_MOUSE,0.0011987980533649132,1.0
sp|P18337|LYAM1_MOUSE,0.0011908963527521004,2.0
sp|P70704|AT8A1_MOUSE,0.0011520623203818078,2.0
tr|Q3UWK8|Q3UWK8_MOUSE,0.0011318221418927777,4.0
sp|Q08761|PROS_MOUSE,0.0011318019534648435,5.0
sp|Q91VW3|SH3L3_MOUSE,0.0011057795123208915,2.0
sp|O88487|DC1I2_MOUSE,0.0010861283026655686,1.0
sp|Q8VEG4|EXD2_MOUSE,0.001059043199196322,1.0
sp|Q6ZQI3|MLEC_MOUSE,0.0010513095574317475,2.0
sp|Q8BK64|AHSA1_MOUSE,0.0010447378967408287,1.0
sp|Q99KR7|PPIF_MOUSE,0.0010404726749229445,1.0
sp|O09106|HDAC1_MOUSE,0.001036849042331619,1.0
tr|A0A075B5R9|A0A075B5R9_MOUSE,0.0010240474574147492,2.0
sp|Q60963|PAFA_MOUSE,0.0010011027945132588,2.0
sp|Q02257|PLAK_MOUSE,0.0009897362418958052,3.0
sp|P08730|K1C13_MOUSE,0.0009732784553908228,3.0
sp|Q3UU35|OVOS_MOUSE,0.0009655195255642044,2.0
tr|A0A075B5Y2|A0A075B5Y2_MOUSE,0.0009646523744559027,1.0
sp|Q78IK4|MIC27_MOUSE,0.0009520294782500705,2.0
sp|Q8QZY9|SF3B4_MOUSE,0.0009305968064058205,1.0
sp|Q9D1A2|CNDP2_MOUSE,0.0009265411736281669,3.0
sp|Q9D554|SF3A3_MOUSE,0.0009090368464803942,1.0
sp|Q91WK0|LRRF2_MOUSE,0.0008911302928058047,1.0
sp|P27641|XRCC5_MOUSE,0.0008823293009508576,1.0
sp|Q8BGZ7|K2C75_MOUSE,0.0008816583969368169,4.0
sp|O35930|GP1BA_MOUSE,0.0008612591349023291,1.0
sp|Q9DCD0|6PGD_MOUSE,0.0008508724802068948,4.0
sp|Q9CVB6|ARPC2_MOUSE,0.0008286363418671874,2.0
sp|Q8BGC0|HTSF1_MOUSE,0.0008238092379649106,1.0
sp|O09159|MA2B1_MOUSE,0.0008155422598768139,1.0
sp|Q9Z0F8|ADA17_MOUSE,0.0008073539815450586,2.0
sp|Q9Z1Q5|CLIC1_MOUSE,0.0007707574590268116,3.0
sp|Q9ERZ0|HEMGN_MOUSE,0.0007678156252802171,1.0
sp|Q08EC4|CASS4_MOUSE,0.0007673284818262537,1.0
sp|P01648|KV5AF_MOUSE,0.0007465044561746986,1.0
sp|E9Q3L2|PI4KA_MOUSE,0.000738280844048054,1.0
tr|A0A075B5T2|A0A075B5T2_MOUSE,0.0007367930572843747,2.0
sp|P62996|TRA2B_MOUSE,0.0007153015151733503,3.0
sp|Q3TTY5|K22E_MOUSE,0.000690807042777217,4.0
sp|Q9Z1Z2|STRAP_MOUSE,0.0006884086234242498,1.0
sp|P01831|THY1_MOUSE,0.0006747760825701685,2.0
sp|P53995|APC1_MOUSE,0.000632678049622852,1.0
sp|Q8CBW3|ABI1_MOUSE,0.0006117792054856785,1.0
sp|Q62351|TFR1_MOUSE,0.0006101699632369171,1.0
sp|P06336|IGHE_MOUSE,0.0006057872584478805,3.0
sp|P11247|PERM_MOUSE,0.000555077085038342,1.0
sp|A2A5R2|BIG2_MOUSE,0.000530762459226375,1.0
sp|Q9QYB5|ADDG_MOUSE,0.0005283698813186522,2.0
sp|Q8QZR3|EST2A_MOUSE,0.0005241225808143023,1.0
sp|O35954|PITM1_MOUSE,0.0005115771981018223,1.0
sp|P08680|HEM0_MOUSE,0.0004982992672275494,2.0
sp|Q9WVC5|TRPC7_MOUSE / sp|Q61143|TRPC6_MOUSE,0.0004933307729620596,2.0
sp|P02535|K1C10_MOUSE,0.00048551559239688844,1.0
sp|Q6IME9|K2C72_MOUSE,0.00046410918958510254,1.0
sp|Q9EQC0|CHST1_MOUSE,0.0004470021212129936,3.0
tr|G3X9D6|G3X9D6_MOUSE,0.0004379121435697561,3.0
sp|B1AVZ0|UPP_MOUSE,0.0004364634083208595,1.0
sp|Q99P87|RETN_MOUSE,0.00043476801988896004,1.0
sp|P54265|DMPK_MOUSE,0.0004264671735055051,1.0
sp|Q9JLN9|MTOR_MOUSE,0.00042060278630625503,1.0
sp|Q8BZE1|DMBTL_MOUSE,0.0003951855221029205,2.0
sp|O35608|ANGP2_MOUSE,0.00039055434871949923,3.0
sp|Q921I1|TRFE_MOUSE,0.00037034827414168266,2.0
sp|P01644|KV5AB_MOUSE / sp|P01645|KV5AC_MOUSE,0.00036838574994798467,2.0
sp|Q8R3Q2|PP6R2_MOUSE,0.00036648415305807634,3.0
sp|Q8CG85|MAMC2_MOUSE,0.00035984491436163936,1.0
sp|P14069|S10A6_MOUSE,0.0003409929144832583,1.0
sp|Q8VCP9|CLC14_MOUSE,0.00034022106193432863,1.0
sp|P08101|FCGR2_MOUSE,0.00033592546715236426,2.0
sp|Q80YC5|FA12_MOUSE,0.00032979703965817225,1.0
sp|Q5SX39|MYH4_MOUSE,0.0003242597186250515,1.0
sp|P01801|HVM32_MOUSE,0.00030248072164454506,1.0
sp|O89094|CASPE_MOUSE,0.00030234159947719897,1.0
sp|Q9EQ21|HEPC_MOUSE,0.0003023057932235355,1.0
sp|Q6PNC0|DMXL1_MOUSE / sp|Q8BPN8|DMXL2_MOUSE,0.00029424048455535827,2.0
sp|Q61245|COBA1_MOUSE,0.00028976791000962974,2.0
sp|Q62209|SYCP1_MOUSE,0.00028781428490701715,1.0
sp|P47857|PFKAM_MOUSE,0.0002783797677070686,1.0
sp|Q9D1X0|NOL3_MOUSE,0.00027229701846531967,1.0
sp|P47867|SCG3_MOUSE,0.00026466728013316927,1.0
tr|E9Q1Z0|E9Q1Z0_MOUSE,0.0002589631872333499,3.0
sp|Q80ZU7|BPIB3_MOUSE,0.00025168609966822863,2.0
sp|P19788|MGP_MOUSE,0.0002393788852664374,2.0
sp|Q7TMF3|NDUAC_MOUSE,0.00023399662242026695,1.0
sp|E9PZ36|PKHD1_MOUSE,0.000231029977433928,1.0
sp|P82198|BGH3_MOUSE,0.00023063819049245682,2.0
tr|A0A075B5X5|A0A075B5X5_MOUSE,0.00022493413643839242,2.0
sp|P06745|G6PI_MOUSE,0.00021083349871975474,1.0
sp|P20334|TNR9_MOUSE,0.00020859823725022982,1.0
sp|P97311|MCM6_MOUSE,0.0001892136595543116,1.0
sp|Q9Z0Y1|DCTN3_MOUSE,0.0001755596271771796,1.0
sp|P12023|A4_MOUSE,0.00016871570454193678,2.0
sp|Q64737|PUR2_MOUSE,0.00015985136614720438,2.0
sp|Q9ERR7|SEP15_MOUSE,0.0001539476450081513,2.0
tr|E9Q8B5|E9Q8B5_MOUSE,0.00015071770487341506,2.0
sp|P16675|PPGB_MOUSE,0.00012997940200320116,1.0
tr|A0A075B5V4|A0A075B5V4_MOUSE,0.00012751537105132042,1.0
sp|P20029|BIP_MOUSE,0.00011189305510330843,1.0
sp|Q00493|CBPE_MOUSE,0.00010984882474778543,1.0
tr|Q80UR4|Q80UR4_MOUSE,0.00010774958742780623,1.0
tr|Q8BSD7|Q8BSD7_MOUSE,0.00010379538027936227,1.0
sp|O09117|SYPL1_MOUSE,0.00010334649733739088,1.0
sp|Q91X83|METK1_MOUSE / sp|Q3THS6|METK2_MOUSE,0.00010281284575694381,1.0
sp|Q8CGC7|SYEP_MOUSE,9.549812680427457e-05,1.0
sp|P40142|TKT_MOUSE,9.374754745958424e-05,1.0
sp|O88668|CREG1_MOUSE,9.011525998731001e-05,1.0
sp|P06339|HA15_MOUSE,8.015447520367228e-05,1.0
tr|A0A140T8P3|A0A140T8P3_MOUSE,7.143373725654727e-05,1.0
tr|A0A075B5M2|A0A075B5M2_MOUSE,6.680368804858887e-05,2.0
sp|P01872|IGHM_MOUSE,5.356608757036205e-05,1.0
sp|Q61361|PGCB_MOUSE,4.4912140722356395e-05,2.0
sp|Q9CYN9|RENR_MOUSE,4.212725276304124e-05,1.0
sp|P01921|HB2D_MOUSE,3.609793742548633e-05,1.0
sp|Q52KI8|SRRM1_MOUSE,3.579155961555273e-05,1.0
sp|P48025|KSYK_MOUSE,3.1124276716935806e-05,1.0
sp|Q5SX40|MYH1_MOUSE,1.2652116922676062e-05,1.0
sp|Q8VBT9|ASPC1_MOUSE,6.872527149451914e-06,1.0
sp|Q60597|ODO1_MOUSE,1.457487058653807e-06,1.0
sp|Q8CG14|CS1A_MOUSE,0.0,0.0
sp|Q8CG19|LTBP1_MOUSE,0.0,0.0
sp|Q8CG47|SMC4_MOUSE,0.0,0.0
sp|Q8CG48|SMC2_MOUSE,0.0,0.0
sp|Q8CFI0|NED4L_MOUSE,0.0,0.0
sp|Q8CFG8|CS1B_MOUSE,0.0,0.0
sp|Q8CGA0|PPM1F_MOUSE,0.0,0.0
sp|Q8CF98|COL10_MOUSE,0.0,0.0
sp|Q8CDN6|TXNL1_MOUSE,0.0,0.0
sp|Q8C166|CPNE1_MOUSE,0.0,0.0
sp|Q8CBY8|DCTN4_MOUSE,0.0,0.0
sp|Q8JZQ9|EIF3B_MOUSE,0.0,0.0
sp|Q8K019|BCLF1_MOUSE,0.0,0.0
sp|Q8K021|SCAM1_MOUSE,0.0,0.0
sp|Q8K0D2|HABP2_MOUSE,0.0,0.0
sp|Q8K0E8|FIBB_MOUSE,0.0,0.0
sp|Q8K0G5|EIPR1_MOUSE,0.0,0.0
sp|Q8K0R6|GLTD2_MOUSE,0.0,0.0
sp|Q8CGF1|RHG29_MOUSE,0.0,0.0
sp|Q8CGK3|LONM_MOUSE,0.0,0.0
sp|Q8CGN5|PLIN1_MOUSE,0.0,0.0
sp|Q8CGY8|OGT1_MOUSE,0.0,0.0
sp|Q8CH18|CCAR1_MOUSE,0.0,0.0
sp|Q8CIE0|SPA11_MOUSE,0.0,0.0
sp|Q8CHW4|EI2BE_MOUSE,0.0,0.0
sp|Q8CI59|STEA3_MOUSE,0.0,0.0
sp|Q8CI75|DI3L2_MOUSE,0.0,0.0
sp|Q8CI94|PYGB_MOUSE,0.0,0.0
sp|Q8C1B7|SEP11_MOUSE,0.0,0.0
sp|Q8CIE4|PAR10_MOUSE,0.0,0.0
sp|Q8CIE6|COPA_MOUSE,0.0,0.0
sp|Q8CIF4|BTD_MOUSE,0.0,0.0
sp|Q8CIG8|ANM5_MOUSE,0.0,0.0
sp|Q8CAQ8|MIC60_MOUSE,0.0,0.0
sp|Q8CBE3|WDR37_MOUSE,0.0,0.0
sp|Q8CBR6|TSK_MOUSE,0.0,0.0
sp|Q8CH77|NAV1_MOUSE,0.0,0.0
sp|Q9Z2U1|PSA5_MOUSE,0.0,0.0
sp|Q9Z2U2|ZN292_MOUSE,0.0,0.0
sp|Q9Z2X2|PSD10_MOUSE,0.0,0.0
sp|Q9Z319|CORIN_MOUSE,0.0,0.0
sp|V9GXG1|SLN14_MOUSE,0.0,0.0
tr|A0A075B5J7|A0A075B5J7_MOUSE,0.0,0.0
tr|A0A075B5J9|A0A075B5J9_MOUSE / tr|A0A075B5K3|A0A075B5K3_MOUSE,0.0,0.0
tr|A0A075B5K2|A0A075B5K2_MOUSE,0.0,0.0
sp|Q8BSL7|ARF2_MOUSE,0.0,0.0
sp|Q8BSY0|ASPH_MOUSE,0.0,0.0
sp|Q8BTI8|SRRM2_MOUSE,0.0,0.0
sp|Q8BTM8|FLNA_MOUSE,0.0,0.0
sp|Q8BTT6|UTP25_MOUSE,0.0,0.0
sp|Q8C6G8|WDR26_MOUSE,0.0,0.0
sp|Q8BU04|UBR7_MOUSE,0.0,0.0
sp|Q8BV13|CSN7B_MOUSE,0.0,0.0
sp|Q8BVF2|PDCL3_MOUSE,0.0,0.0
sp|Q8BWP8|B4GA1_MOUSE,0.0,0.0
sp|Q8BWT1|THIM_MOUSE,0.0,0.0
sp|Q8BM88|CATO_MOUSE,0.0,0.0
sp|Q8BMD8|SCMC1_MOUSE,0.0,0.0
sp|Q8BMF4|ODP2_MOUSE,0.0,0.0
sp|Q8BMG7|RBGPR_MOUSE,0.0,0.0
sp|Q8BMJ3|IF1AX_MOUSE,0.0,0.0
sp|Q8BML9|SYQ_MOUSE,0.0,0.0
sp|Q8BMS1|ECHA_MOUSE,0.0,0.0
sp|Q8BNA6|FAT3_MOUSE,0.0,0.0
sp|Q8BND5|QSOX1_MOUSE,0.0,0.0
sp|Q8BTW3|EXOS6_MOUSE,0.0,0.0
sp|Q8C2E7|WASC5_MOUSE,0.0,0.0
sp|Q8C341|SUCO_MOUSE,0.0,0.0
sp|Q8C3I8|HGH1_MOUSE,0.0,0.0
sp|Q8C522|ENDD1_MOUSE,0.0,0.0
sp|Q8C6C9|LEG1H_MOUSE,0.0,0.0
sp|Q8JZL1|I17RD_MOUSE,0.0,0.0
sp|Q8C708|CP054_MOUSE,0.0,0.0
sp|Q8C7B6|FXL22_MOUSE,0.0,0.0
sp|Q8C7G5|APOA5_MOUSE,0.0,0.0
sp|Q8C8T8|TSR2_MOUSE,0.0,0.0
sp|Q8CAE9|PDXL2_MOUSE,0.0,0.0
sp|Q8BWT5|DIP2A_MOUSE / sp|Q3UH60|DIP2B_MOUSE,0.0,0.0
sp|Q8BWY3|ERF1_MOUSE,0.0,0.0
sp|Q9Z2U0|PSA7_MOUSE,0.0,0.0
sp|Q8BY35|FGD2_MOUSE,0.0,0.0
sp|Q8BY71|HAT1_MOUSE,0.0,0.0
sp|Q8BY87|UBP47_MOUSE,0.0,0.0
sp|Q8BYA0|TBCD_MOUSE,0.0,0.0
sp|Q8BYC6|TAOK3_MOUSE,0.0,0.0
sp|Q8BYY9|SPA3B_MOUSE,0.0,0.0
sp|Q8BZZ3|WWP1_MOUSE,0.0,0.0
sp|Q8C0J2|A16L1_MOUSE,0.0,0.0
sp|Q8C102|GALT5_MOUSE,0.0,0.0
sp|Q8C156|CND2_MOUSE,0.0,0.0
sp|Q9Z266|SNAPN_MOUSE,0.0,0.0
sp|Q9Z2I9|SUCB1_MOUSE,0.0,0.0
sp|Q9Z2L7|CRLF3_MOUSE,0.0,0.0
sp|Q9Z2R9|E2AK1_MOUSE,0.0,0.0
sp|Q8BXA1|GOLI4_MOUSE,0.0,0.0
sp|O08756|HCD2_MOUSE,0.0,0.0
sp|O08784|TCOF_MOUSE,0.0,0.0
sp|O08788|DCTN1_MOUSE,0.0,0.0
sp|Q8R367|RERG_MOUSE,0.0,0.0
sp|Q8R3I9|B3GN8_MOUSE,0.0,0.0
sp|Q8R411|MYCT1_MOUSE,0.0,0.0
sp|Q8R422|CD109_MOUSE,0.0,0.0
sp|Q8R429|AT2A1_MOUSE,0.0,0.0
sp|Q8R480|NUP85_MOUSE,0.0,0.0
sp|Q8R4G6|MGT5A_MOUSE,0.0,0.0
sp|Q8R4V5|OIT3_MOUSE,0.0,0.0
sp|Q8R5C5|ACTY_MOUSE,0.0,0.0
sp|Q8R5H1|UBP15_MOUSE,0.0,0.0
sp|Q9Z1R2|BAG6_MOUSE,0.0,0.0
sp|Q8R0A7|K0513_MOUSE,0.0,0.0
sp|Q8R0X2|CACL1_MOUSE,0.0,0.0
sp|Q8R0Y6|AL1L1_MOUSE,0.0,0.0
sp|Q8R0Z5|MFRN2_MOUSE,0.0,0.0
sp|Q8R0Z6|ANGL6_MOUSE,0.0,0.0
sp|Q8R121|ZPI_MOUSE,0.0,0.0
sp|Q8R1B4|EIF3C_MOUSE,0.0,0.0
sp|Q8R1I1|QCR9_MOUSE,0.0,0.0
sp|Q8R1L8|ANGL8_MOUSE,0.0,0.0
sp|Q8R1U2|CGRE1_MOUSE,0.0,0.0
sp|Q8R1V4|TMED4_MOUSE,0.0,0.0
sp|Q8R242|DIAC_MOUSE,0.0,0.0
sp|Q8R2M2|TDIF2_MOUSE,0.0,0.0
sp|Q8R2S8|CD177_MOUSE,0.0,0.0
sp|Q8VBT0|TMX1_MOUSE,0.0,0.0
sp|O55111|DSG2_MOUSE,0.0,0.0
sp|O55131|SEPT7_MOUSE,0.0,0.0
sp|O55134|PCD12_MOUSE,0.0,0.0
sp|O55135|IF6_MOUSE,0.0,0.0
sp|O55142|RL35A_MOUSE,0.0,0.0
sp|O55143|AT2A2_MOUSE,0.0,0.0
sp|O55201|SPT5H_MOUSE,0.0,0.0
sp|O55222|ILK_MOUSE,0.0,0.0
sp|Q8VBV7|CSN8_MOUSE,0.0,0.0
sp|Q8VC30|TKFC_MOUSE,0.0,0.0
sp|Q8VC49|IF27B_MOUSE,0.0,0.0
sp|Q8VCC2|EST1_MOUSE,0.0,0.0
sp|Q8VCG4|CO8G_MOUSE,0.0,0.0
sp|O08746|MATN2_MOUSE,0.0,0.0
sp|Q8VCW8|ACSF2_MOUSE,0.0,0.0
sp|Q8VD58|EVI2B_MOUSE,0.0,0.0
sp|Q8VDD5|MYH9_MOUSE,0.0,0.0
sp|Q8VDG3|PARN_MOUSE,0.0,0.0
sp|Q9Z0Z4|HEPH_MOUSE,0.0,0.0
sp|Q9Z100|CPXM1_MOUSE,0.0,0.0
sp|Q9Z126|PLF4_MOUSE,0.0,0.0
sp|Q9Z1D1|EIF3G_MOUSE,0.0,0.0
sp|O08601|MTP_MOUSE,0.0,0.0
sp|O08638|MYH11_MOUSE,0.0,0.0
sp|O08663|MAP2_MOUSE,0.0,0.0
sp|O08692|NGP_MOUSE,0.0,0.0
sp|O08717|INHBE_MOUSE,0.0,0.0
sp|O08742|GPV_MOUSE,0.0,0.0
sp|Q8VCM7|FIBG_MOUSE,0.0,0.0
sp|Q8K1H9|OBP2A_MOUSE,0.0,0.0
sp|Q8K1I3|SPP24_MOUSE,0.0,0.0
sp|Q8K1M6|DNM1L_MOUSE,0.0,0.0
sp|Q8K209|AGRG1_MOUSE,0.0,0.0
sp|Q8K212|PACS1_MOUSE,0.0,0.0
sp|Q8K274|KT3K_MOUSE,0.0,0.0
sp|Q8K284|TF3C1_MOUSE,0.0,0.0
sp|Q8K296|MTMR3_MOUSE,0.0,0.0
sp|Q8K297|GT251_MOUSE,0.0,0.0
sp|Q8K2B3|SDHA_MOUSE,0.0,0.0
sp|Q8K2C7|OS9_MOUSE,0.0,0.0
sp|O08795|GLU2B_MOUSE,0.0,0.0
sp|Q9Z1E4|GYS1_MOUSE,0.0,0.0
sp|Q8R2Y2|MUC18_MOUSE,0.0,0.0
sp|Q9Z1G4|VPP1_MOUSE,0.0,0.0
sp|Q9Z1K5|ARI1_MOUSE,0.0,0.0
sp|Q9Z1K6|ARI2_MOUSE,0.0,0.0
sp|Q9Z1Q9|SYVC_MOUSE,0.0,0.0
sp|Q8BP47|SYNC_MOUSE,0.0,0.0
sp|Q9Z1R3|APOM_MOUSE,0.0,0.0
sp|Q9Z1T1|AP3B1_MOUSE,0.0,0.0
sp|Q9Z1Z0|USO1_MOUSE,0.0,0.0
sp|Q9Z222|B3GN2_MOUSE,0.0,0.0
sp|Q8CIZ8|VWF_MOUSE,0.0,0.0
sp|Q8CJ12|AGRG2_MOUSE,0.0,0.0
sp|Q8CJ19|MICA3_MOUSE,0.0,0.0
sp|Q8CJG0|AGO2_MOUSE,0.0,0.0
sp|Q8CJH3|PLXB1_MOUSE,0.0,0.0
sp|Q9Z1F9|SAE2_MOUSE,0.0,0.0
sp|O70458|OSMR_MOUSE,0.0,0.0
sp|O70559|SPR2H_MOUSE,0.0,0.0
sp|Q8K479|C1QT5_MOUSE,0.0,0.0
sp|Q8K4L6|MEPE_MOUSE,0.0,0.0
sp|Q8K4Q8|COL12_MOUSE,0.0,0.0
sp|Q8K4Z5|SF3A1_MOUSE,0.0,0.0
sp|Q8K558|TRML1_MOUSE,0.0,0.0
sp|Q8N7N5|DCAF8_MOUSE,0.0,0.0
sp|Q8QZR4|OAF_MOUSE,0.0,0.0
sp|Q8QZT1|THIL_MOUSE,0.0,0.0
sp|Q8QZY1|EIF3L_MOUSE,0.0,0.0
sp|Q8R001|MARE2_MOUSE,0.0,0.0
sp|Q8R050|ERF3A_MOUSE,0.0,0.0
sp|Q8K2V1|PP4R1_MOUSE,0.0,0.0
sp|Q8K1H7|T11L2_MOUSE,0.0,0.0
sp|Q8K386|RAB15_MOUSE,0.0,0.0
sp|Q8K3W0|BABA2_MOUSE,0.0,0.0
sp|O70251|EF1B_MOUSE,0.0,0.0
sp|O70309|ITB5_MOUSE,0.0,0.0
sp|O70318|E41L2_MOUSE,0.0,0.0
sp|O70325|GPX4_MOUSE,0.0,0.0
sp|O70362|PHLD_MOUSE,0.0,0.0
sp|O70370|CATS_MOUSE,0.0,0.0
sp|O70400|PDLI1_MOUSE,0.0,0.0
sp|O70404|VAMP8_MOUSE,0.0,0.0
sp|O70435|PSA3_MOUSE,0.0,0.0
sp|Q8K135|K319L_MOUSE,0.0,0.0
sp|Q8K182|CO8A_MOUSE,0.0,0.0
sp|Q8K1B8|URP2_MOUSE,0.0,0.0
sp|Q8K2Z4|CND1_MOUSE,0.0,0.0
sp|Q6ZWN5|RS9_MOUSE,0.0,0.0
sp|Q6ZWQ0|SYNE2_MOUSE,0.0,0.0
sp|Q6ZWQ7|SPCS3_MOUSE,0.0,0.0
sp|Q6ZWV3|RL10_MOUSE,0.0,0.0
sp|Q6ZWX6|IF2A_MOUSE,0.0,0.0
sp|Q6ZWY3|RS27L_MOUSE / sp|Q6ZWU9|RS27_MOUSE,0.0,0.0
sp|Q6ZWY8|TYB10_MOUSE / sp|P20065|TYB4_MOUSE / tr|A2AEH9|A2AEH9_MOUSE,0.0,0.0
sp|Q6ZWZ2|UB2R2_MOUSE,0.0,0.0
sp|O88545|CSN6_MOUSE,0.0,0.0
sp|O88572|LRP6_MOUSE,0.0,0.0
sp|O88573|AFF1_MOUSE,0.0,0.0
sp|O88634|PAR4_MOUSE,0.0,0.0
sp|O88685|PRS6A_MOUSE,0.0,0.0
sp|Q8BJU2|TSN9_MOUSE,0.0,0.0
sp|O88746|TOM1_MOUSE,0.0,0.0
sp|O88783|FA5_MOUSE,0.0,0.0
sp|O88786|I13R2_MOUSE,0.0,0.0
sp|O88792|JAM1_MOUSE,0.0,0.0
sp|O88844|IDHC_MOUSE,0.0,0.0
sp|O88879|APAF_MOUSE,0.0,0.0
sp|O88947|FA10_MOUSE,0.0,0.0
sp|O88968|TCO2_MOUSE,0.0,0.0
sp|Q6PEB6|PHOCN_MOUSE,0.0,0.0
sp|Q6PFE3|RA54B_MOUSE,0.0,0.0
sp|Q6PGG2|GMIP_MOUSE,0.0,0.0
sp|Q6PHN9|RAB35_MOUSE,0.0,0.0
sp|Q6PHZ2|KCC2D_MOUSE,0.0,0.0
sp|O88738|BIRC6_MOUSE,0.0,0.0
sp|Q78HU7|GLPC_MOUSE,0.0,0.0
sp|Q78IK2|ATPMK_MOUSE,0.0,0.0
sp|Q78PY7|SND1_MOUSE,0.0,0.0
sp|Q78ZA7|NP1L4_MOUSE,0.0,0.0
sp|Q791V5|MTCH2_MOUSE,0.0,0.0
sp|Q793I8|TIFA_MOUSE,0.0,0.0
sp|Q7M6Z0|R4RL2_MOUSE,0.0,0.0
sp|Q7M747|S2B24_MOUSE,0.0,0.0
tr|A0A075B5Q4|A0A075B5Q4_MOUSE,0.0,0.0
tr|A0A075B5Q5|A0A075B5Q5_MOUSE,0.0,0.0
tr|A0A075B5Q6|A0A075B5Q6_MOUSE,0.0,0.0
tr|A0A075B5R0|A0A075B5R0_MOUSE,0.0,0.0
tr|A0A075B5R1|A0A075B5R1_MOUSE,0.0,0.0
sp|Q6ZWM4|LSM8_MOUSE,0.0,0.0
tr|A0A075B5R3|A0A075B5R3_MOUSE,0.0,0.0
tr|A0A075B5R4|A0A075B5R4_MOUSE,0.0,0.0
tr|A0A075B5R5|A0A075B5R5_MOUSE,0.0,0.0
tr|A0A075B5R7|A0A075B5R7_MOUSE,0.0,0.0
tr|A0A075B5S5|A0A075B5S5_MOUSE,0.0,0.0
tr|A0A075B5S9|A0A075B5S9_MOUSE,0.0,0.0
tr|A0A075B5T0|A0A075B5T0_MOUSE,0.0,0.0
sp|O88998|NOE1_MOUSE,0.0,0.0
sp|Q6ZPJ3|UBE2O_MOUSE,0.0,0.0
sp|Q6ZQ03|FNBP4_MOUSE,0.0,0.0
sp|Q6ZQ38|CAND1_MOUSE,0.0,0.0
sp|Q6ZQ73|CAND2_MOUSE,0.0,0.0
sp|Q6ZQK0|CNDD3_MOUSE,0.0,0.0
tr|A0A075B5R2|A0A075B5R2_MOUSE,0.0,0.0
sp|Q6P069|SORCN_MOUSE,0.0,0.0
sp|Q6P1C6|LRIG3_MOUSE,0.0,0.0
sp|Q6P1D5|SE6L1_MOUSE,0.0,0.0
sp|Q6P4T2|U520_MOUSE,0.0,0.0
sp|Q6P542|ABCF1_MOUSE,0.0,0.0
sp|Q6P5E4|UGGG1_MOUSE,0.0,0.0
sp|Q6P5F9|XPO1_MOUSE,0.0,0.0
sp|Q64727|VINC_MOUSE,0.0,0.0
sp|Q64735|CR1L_MOUSE,0.0,0.0
sp|Q66GT5|PTPM1_MOUSE,0.0,0.0
sp|Q68FD5|CLH1_MOUSE,0.0,0.0
sp|Q68FD9|K1549_MOUSE,0.0,0.0
sp|Q68FF6|GIT1_MOUSE,0.0,0.0
sp|Q6R0H7|GNAS1_MOUSE,0.0,0.0
sp|Q68SA9|ATS7_MOUSE,0.0,0.0
sp|Q69ZR2|HECD1_MOUSE,0.0,0.0
sp|Q6A4J8|UBP7_MOUSE,0.0,0.0
sp|Q6DFW4|NOP58_MOUSE,0.0,0.0
sp|Q6DFW5|AT11B_MOUSE,0.0,0.0
sp|Q6DFX2|ANTR2_MOUSE,0.0,0.0
sp|Q6GQT1|A2MG_MOUSE,0.0,0.0
sp|E9Q414|APOB_MOUSE,0.0,0.0
sp|E9Q555|RN213_MOUSE,0.0,0.0
sp|E9Q557|DESP_MOUSE,0.0,0.0
sp|E9Q6J5|BD1L1_MOUSE,0.0,0.0
sp|E9Q735|UBE4A_MOUSE,0.0,0.0
sp|E9Q7X6|HEG1_MOUSE,0.0,0.0
sp|Q68FL6|SYMC_MOUSE,0.0,0.0
sp|Q6R891|NEB2_MOUSE,0.0,0.0
sp|Q6S5C2|GNPTG_MOUSE,0.0,0.0
sp|Q6U7R4|TIMD4_MOUSE,0.0,0.0
sp|Q6UGQ3|SG2B2_MOUSE,0.0,0.0
sp|Q6URW6|MYH14_MOUSE,0.0,0.0
sp|Q6VN19|RBP10_MOUSE,0.0,0.0
sp|Q6P5G6|UBXN7_MOUSE,0.0,0.0
sp|Q6P5H2|NEST_MOUSE,0.0,0.0
sp|Q6P8X1|SNX6_MOUSE,0.0,0.0
sp|Q6P9Q4|FHOD1_MOUSE,0.0,0.0
sp|Q6P9Q6|FKB15_MOUSE,0.0,0.0
sp|Q6P9S7|GLT10_MOUSE,0.0,0.0
sp|Q6PA06|ATLA2_MOUSE,0.0,0.0
sp|Q6NZJ6|IF4G1_MOUSE,0.0,0.0
sp|Q6PB93|GALT2_MOUSE,0.0,0.0
sp|Q6PD24|AN13D_MOUSE / sp|Q80UP5|AN13A_MOUSE,0.0,0.0
sp|Q6PDG5|SMRC2_MOUSE / sp|P97496|SMRC1_MOUSE,0.0,0.0
sp|Q6PDI5|ECM29_MOUSE,0.0,0.0
sp|Q6PDJ6|FBX42_MOUSE,0.0,0.0
sp|Q6PDM2|SRSF1_MOUSE,0.0,0.0
sp|Q6PDN3|MYLK_MOUSE,0.0,0.0
sp|Q6GU68|ISLR_MOUSE,0.0,0.0
sp|Q6IEE6|T132E_MOUSE,0.0,0.0
sp|Q6IMP4|PANX2_MOUSE,0.0,0.0
sp|Q6IQX7|CHSS2_MOUSE,0.0,0.0
sp|Q6IRU2|TPM4_MOUSE,0.0,0.0
sp|Q6NVE8|WDR44_MOUSE,0.0,0.0
sp|Q6NXH9|K2C73_MOUSE,0.0,0.0
sp|Q6PAR5|GAPD1_MOUSE,0.0,0.0
sp|O88322|NID2_MOUSE,0.0,0.0
sp|O88338|CAD16_MOUSE,0.0,0.0
sp|O88342|WDR1_MOUSE,0.0,0.0
sp|O88393|TGBR3_MOUSE,0.0,0.0
sp|O88456|CPNS1_MOUSE,0.0,0.0
sp|O88543|CSN3_MOUSE,0.0,0.0
sp|Q8BGD9|IF4B_MOUSE,0.0,0.0
sp|Q8BGE6|ATG4B_MOUSE,0.0,0.0
sp|Q8BGG7|UBS3B_MOUSE,0.0,0.0
sp|Q8BGW1|FTO_MOUSE,0.0,0.0
sp|Q8BH04|PCKGM_MOUSE,0.0,0.0
sp|Q8BH35|CO8B_MOUSE,0.0,0.0
sp|Q8BH43|WASF2_MOUSE,0.0,0.0
sp|Q76MZ3|2AAA_MOUSE,0.0,0.0
sp|Q8BH64|EHD2_MOUSE,0.0,0.0
sp|Q8BH95|ECHM_MOUSE,0.0,0.0
sp|Q8BHC0|LYVE1_MOUSE,0.0,0.0
sp|Q8BHG1|NRDC_MOUSE,0.0,0.0
sp|Q8BHI9|NIM1_MOUSE,0.0,0.0
sp|Q80Y55|BSDC1_MOUSE,0.0,0.0
sp|Q80Y98|DDHD2_MOUSE,0.0,0.0
sp|Q80YQ8|RMD5A_MOUSE,0.0,0.0
sp|Q80YX1|TENA_MOUSE,0.0,0.0
sp|Q80Z19|MUC2_MOUSE,0.0,0.0
sp|Q80Z71|TENN_MOUSE,0.0,0.0
sp|Q810B6|ANFY1_MOUSE,0.0,0.0
sp|Q810J1|PSG22_MOUSE,0.0,0.0
sp|Q8BH61|F13A_MOUSE,0.0,0.0
sp|Q8BP67|RL24_MOUSE,0.0,0.0
sp|Q8BPB5|FBLN3_MOUSE,0.0,0.0
sp|Q8BR63|F177A_MOUSE,0.0,0.0
sp|Q8BRK9|MA2A2_MOUSE,0.0,0.0
sp|Q8BRN9|C2D1B_MOUSE,0.0,0.0
sp|O88544|CSN4_MOUSE,0.0,0.0
sp|Q8BIS8|CC126_MOUSE,0.0,0.0
sp|Q8BJ48|NAGPA_MOUSE,0.0,0.0
sp|Q8BJ66|KAZD1_MOUSE,0.0,0.0
sp|Q8BJD1|ITIH5_MOUSE,0.0,0.0
sp|Q8BJU0|SGTA_MOUSE,0.0,0.0
sp|O55102|BL1S1_MOUSE,0.0,0.0
sp|Q8BJY1|PSMD5_MOUSE,0.0,0.0
sp|O88307|SORL_MOUSE,0.0,0.0
sp|Q8BK48|EST2E_MOUSE,0.0,0.0
sp|Q8BK62|OLFL3_MOUSE,0.0,0.0
sp|Q8BK67|RCC2_MOUSE,0.0,0.0
sp|Q8BKC5|IPO5_MOUSE,0.0,0.0
sp|Q8BLK3|LSAMP_MOUSE,0.0,0.0
sp|Q8BM72|HSP13_MOUSE,0.0,0.0
sp|Q8BHK9|ERC6L_MOUSE,0.0,0.0
sp|Q8BHL8|PSMF1_MOUSE,0.0,0.0
sp|Q8BHN3|GANAB_MOUSE,0.0,0.0
sp|Q8BI84|TGO1_MOUSE,0.0,0.0
sp|O88186|GPIX_MOUSE,0.0,0.0
sp|O88199|CHST3_MOUSE,0.0,0.0
sp|O88200|CLC11_MOUSE,0.0,0.0
sp|O88207|CO5A1_MOUSE,0.0,0.0
sp|Q8BK06|FBX9_MOUSE,0.0,0.0
sp|Q80SZ7|GBG5_MOUSE,0.0,0.0
sp|Q80T03|MUC6_MOUSE,0.0,0.0
sp|Q80T14|FRAS1_MOUSE,0.0,0.0
sp|Q80T21|ATL4_MOUSE,0.0,0.0
sp|Q80TH2|ERBIN_MOUSE,0.0,0.0
sp|Q80TL0|PPM1E_MOUSE,0.0,0.0
sp|Q80TY0|FNBP1_MOUSE,0.0,0.0
sp|Q80U22|RUSC2_MOUSE,0.0,0.0
sp|Q80U95|UBE3C_MOUSE,0.0,0.0
sp|Q80UJ7|RB3GP_MOUSE,0.0,0.0
sp|Q7TML3|S35F2_MOUSE,0.0,0.0
sp|Q7TMM9|TBB2A_MOUSE,0.0,0.0
sp|Q7TMQ7|WDR91_MOUSE,0.0,0.0
sp|Q8BFR5|EFTU_MOUSE,0.0,0.0
sp|Q7TMY8|HUWE1_MOUSE,0.0,0.0
sp|Q7TNC4|LC7L2_MOUSE,0.0,0.0
sp|Q7TNG5|EMAL2_MOUSE,0.0,0.0
sp|Q7TNV0|DEK_MOUSE,0.0,0.0
sp|Q7TPR4|ACTN1_MOUSE,0.0,0.0
sp|Q7TPV4|MBB1A_MOUSE,0.0,0.0
sp|Q7TQI3|OTUB1_MOUSE,0.0,0.0
sp|Q7TSG2|CTDP1_MOUSE,0.0,0.0
sp|Q7TSI3|PP6R1_MOUSE,0.0,0.0
sp|Q70E20|SNED1_MOUSE,0.0,0.0
sp|Q71KU9|FGL1_MOUSE,0.0,0.0
sp|Q71LX4|TLN2_MOUSE,0.0,0.0
sp|Q76LS9|MINY1_MOUSE,0.0,0.0
sp|Q7TMS5|ABCG2_MOUSE,0.0,0.0
sp|Q8BFY9|TNPO1_MOUSE,0.0,0.0
sp|Q8BFZ3|ACTBL_MOUSE,0.0,0.0
sp|Q8BG32|PSD11_MOUSE,0.0,0.0
sp|Q8BG79|C19L2_MOUSE,0.0,0.0
tr|A0A075B5K7|A0A075B5K7_MOUSE,0.0,0.0
tr|A0A075B5L3|A0A075B5L3_MOUSE,0.0,0.0
tr|A0A075B5M1|A0A075B5M1_MOUSE,0.0,0.0
tr|A0A075B5M3|A0A075B5M3_MOUSE,0.0,0.0
tr|A0A075B5M4|A0A075B5M4_MOUSE,0.0,0.0
tr|A0A075B5M8|A0A075B5M8_MOUSE,0.0,0.0
tr|A0A075B5N7|A0A075B5N7_MOUSE,0.0,0.0
tr|A0A075B5P1|A0A075B5P1_MOUSE,0.0,0.0
tr|A0A075B5P9|A0A075B5P9_MOUSE,0.0,0.0
sp|Q80SW1|SAHH2_MOUSE,0.0,0.0
tr|A0A075B5Q3|A0A075B5Q3_MOUSE,0.0,0.0
sp|Q80UY2|KCMF1_MOUSE,0.0,0.0
sp|Q80VH0|BANK1_MOUSE,0.0,0.0
sp|Q80WM9|TNR14_MOUSE,0.0,0.0
sp|Q80WQ2|VAC14_MOUSE,0.0,0.0
sp|Q80WT5|AFTIN_MOUSE,0.0,0.0
sp|Q80X19|COEA1_MOUSE,0.0,0.0
sp|Q80X73|PELO_MOUSE,0.0,0.0
sp|Q80X82|SYMPK_MOUSE,0.0,0.0
sp|Q80XI4|PI42B_MOUSE,0.0,0.0
sp|Q7TSJ2|MAP6_MOUSE,0.0,0.0
sp|Q7TSK2|SEZ6_MOUSE,0.0,0.0
sp|Q7TT37|ELP1_MOUSE,0.0,0.0
sp|Q7TT41|MOXD2_MOUSE,0.0,0.0
tr|A0A075B5Q0|A0A075B5Q0_MOUSE,0.0,0.0
sp|Q9DBZ5|EIF3K_MOUSE,0.0,0.0
sp|Q9DC11|PXDC2_MOUSE,0.0,0.0
sp|O35367|KERA_MOUSE,0.0,0.0
sp|O35379|MRP1_MOUSE,0.0,0.0
sp|O35381|AN32A_MOUSE,0.0,0.0
sp|O35405|PLD3_MOUSE,0.0,0.0
sp|O35516|NOTC2_MOUSE,0.0,0.0
sp|O35593|PSDE_MOUSE,0.0,0.0
sp|O35598|ADA10_MOUSE,0.0,0.0
sp|O35601|FYB1_MOUSE,0.0,0.0
sp|O35609|SCAM3_MOUSE,0.0,0.0
sp|Q9DA17|TSG13_MOUSE,0.0,0.0
sp|Q9DAU7|WFDC2_MOUSE,0.0,0.0
sp|Q8VE88|F1142_MOUSE,0.0,0.0
sp|Q9DB20|ATPO_MOUSE,0.0,0.0
sp|Q9DB77|QCR2_MOUSE,0.0,0.0
sp|Q9DBB9|CPN2_MOUSE,0.0,0.0
sp|Q9DBC7|KAP0_MOUSE,0.0,0.0
sp|Q9DBD0|ICA_MOUSE,0.0,0.0
sp|Q9DBG3|AP2B1_MOUSE,0.0,0.0
sp|Q9DBG6|RPN2_MOUSE,0.0,0.0
sp|Q9DBH5|LMAN2_MOUSE,0.0,0.0
sp|Q9DBJ1|PGAM1_MOUSE / sp|O70250|PGAM2_MOUSE,0.0,0.0
sp|Q9DBP5|KCY_MOUSE,0.0,0.0
sp|Q9DBR3|ARMC8_MOUSE,0.0,0.0
sp|Q9DBR7|MYPT1_MOUSE,0.0,0.0
sp|Q9DBS1|TMM43_MOUSE,0.0,0.0
sp|Q9DB05|SNAA_MOUSE,0.0,0.0
sp|O35658|C1QBP_MOUSE,0.0,0.0
sp|Q9DC69|NDUA9_MOUSE,0.0,0.0
sp|Q9DC70|NDUS7_MOUSE,0.0,0.0
sp|Q9DCC4|P5CR3_MOUSE,0.0,0.0
sp|Q9DCH4|EIF3F_MOUSE,0.0,0.0
sp|Q9DCJ5|NDUA8_MOUSE,0.0,0.0
sp|Q9DCJ9|NPL_MOUSE,0.0,0.0
sp|Q9DCL2|CIA2A_MOUSE,0.0,0.0
sp|Q9DCL8|IPP2_MOUSE,0.0,0.0
sp|Q9DCL9|PUR6_MOUSE,0.0,0.0
sp|Q9DCN2|NB5R3_MOUSE,0.0,0.0
sp|Q9DCR2|AP3S1_MOUSE,0.0,0.0
sp|Q9DCW4|ETFB_MOUSE,0.0,0.0
sp|Q9DBS5|KLC4_MOUSE / sp|O88448|KLC2_MOUSE,0.0,0.0
sp|Q9QXY6|EHD3_MOUSE,0.0,0.0
sp|Q9QY48|DNS2B_MOUSE,0.0,0.0
sp|Q9QYB1|CLIC4_MOUSE,0.0,0.0
sp|Q9QYB8|ADDB_MOUSE,0.0,0.0
sp|Q9QYC0|ADDA_MOUSE,0.0,0.0
sp|Q9QYG0|NDRG2_MOUSE,0.0,0.0
sp|Q9QYI4|DJB12_MOUSE,0.0,0.0
sp|Q9QYJ0|DNJA2_MOUSE,0.0,0.0
sp|Q9QYJ1|SIA7E_MOUSE,0.0,0.0
sp|Q9QYK5|H6ST1_MOUSE,0.0,0.0
sp|Q9QZ08|NAGK_MOUSE,0.0,0.0
sp|Q9QZ39|SIA7A_MOUSE,0.0,0.0
sp|Q9QZ47|TNNT3_MOUSE,0.0,0.0
sp|Q9QZB7|ARP10_MOUSE,0.0,0.0
sp|Q9DCX2|ATP5H_MOUSE,0.0,0.0
sp|Q9D0M0|EXOS7_MOUSE,0.0,0.0
sp|Q9D131|CK001_MOUSE,0.0,0.0
sp|Q9D136|OGFD3_MOUSE / sp|Q8C9S4|CC186_MOUSE,0.0,0.0
sp|Q9D154|ILEUA_MOUSE,0.0,0.0
sp|Q9D1D4|TMEDA_MOUSE,0.0,0.0
sp|Q9D1G1|RAB1B_MOUSE,0.0,0.0
sp|Q9D1H9|MFAP4_MOUSE,0.0,0.0
sp|Q9D1N2|HDBP1_MOUSE,0.0,0.0
sp|Q9D1R9|RL34_MOUSE,0.0,0.0
sp|Q9D281|NXP20_MOUSE,0.0,0.0
sp|Q9QZD9|EIF3I_MOUSE,0.0,0.0
sp|Q9QZE5|COPG1_MOUSE,0.0,0.0
sp|Q9QZI9|SERC3_MOUSE,0.0,0.0
sp|Q9D7S7|RL22L_MOUSE,0.0,0.0
sp|Q9QZL0|RIPK3_MOUSE,0.0,0.0
sp|Q9QZN4|FBX6_MOUSE,0.0,0.0
sp|Q9R001|ATS5_MOUSE,0.0,0.0
sp|O08796|EF2K_MOUSE,0.0,0.0
sp|O08842|GFRA2_MOUSE,0.0,0.0
sp|O08914|FAAH1_MOUSE,0.0,0.0
sp|O09044|SNP23_MOUSE,0.0,0.0
sp|O09061|PSB1_MOUSE,0.0,0.0
sp|Q9CYH2|PXL2A_MOUSE,0.0,0.0
sp|Q9CZ04|CSN7A_MOUSE,0.0,0.0
sp|Q9CZ52|ANTR1_MOUSE,0.0,0.0
sp|Q9CZC8|SCRN1_MOUSE,0.0,0.0
sp|Q9CZE3|RAB32_MOUSE,0.0,0.0
sp|Q9QZJ6|MFAP5_MOUSE,0.0,0.0
sp|Q9D7S9|CHMP5_MOUSE,0.0,0.0
sp|Q9D7V9|NAAA_MOUSE,0.0,0.0
sp|Q9D7X3|DUS3_MOUSE,0.0,0.0
sp|Q9D832|DNJB4_MOUSE / sp|Q9QYJ3|DNJB1_MOUSE,0.0,0.0
sp|Q9D8E6|RL4_MOUSE,0.0,0.0
sp|Q9D8N0|EF1G_MOUSE,0.0,0.0
sp|Q9D8U8|SNX5_MOUSE,0.0,0.0
sp|Q9D8V0|HM13_MOUSE,0.0,0.0
sp|Q9D8W5|PSD12_MOUSE,0.0,0.0
sp|Q9D906|ATG7_MOUSE,0.0,0.0
sp|Q9D920|BORC5_MOUSE,0.0,0.0
sp|Q9D952|EVPL_MOUSE,0.0,0.0
sp|Q9D9K3|AVEN_MOUSE,0.0,0.0
sp|Q9D0K2|SCOT1_MOUSE,0.0,0.0
sp|Q9D2N8|GLT15_MOUSE,0.0,0.0
sp|Q9D2V7|CORO7_MOUSE,0.0,0.0
sp|Q9D3D9|ATPD_MOUSE,0.0,0.0
sp|Q9D3H2|OBP1A_MOUSE,0.0,0.0
sp|Q9D4V7|RABL3_MOUSE,0.0,0.0
sp|Q9D5V6|SYAP1_MOUSE,0.0,0.0
sp|Q9D662|SC23B_MOUSE,0.0,0.0
sp|Q9D6N5|NC2A_MOUSE,0.0,0.0
sp|Q9D6R2|IDH3A_MOUSE,0.0,0.0
sp|Q9D6W8|BORC6_MOUSE,0.0,0.0
sp|Q9D6X6|PRS23_MOUSE,0.0,0.0
sp|Q9D7G0|PRPS1_MOUSE / tr|G3UXL2|G3UXL2_MOUSE,0.0,0.0
sp|Q9D7K5|DMAC2_MOUSE,0.0,0.0
sp|Q9D051|ODPB_MOUSE,0.0,0.0
sp|Q9D2G2|ODO2_MOUSE,0.0,0.0
sp|B2RU80|PTPRB_MOUSE,0.0,0.0
sp|O09164|SODE_MOUSE,0.0,0.0
sp|O09167|RL21_MOUSE,0.0,0.0
sp|O09172|GSH0_MOUSE,0.0,0.0
sp|O35129|PHB2_MOUSE,0.0,0.0
sp|O35206|COFA1_MOUSE,0.0,0.0
sp|O35226|PSMD4_MOUSE,0.0,0.0
sp|O35295|PURB_MOUSE,0.0,0.0
sp|O35326|SRSF5_MOUSE,0.0,0.0
sp|Q9JIX8|ACINU_MOUSE,0.0,0.0
sp|Q9JJ28|FLII_MOUSE,0.0,0.0
sp|Q9JJK2|LANC2_MOUSE,0.0,0.0
sp|Q9JJN5|CBPN_MOUSE,0.0,0.0
sp|Q9EQS3|MYCBP_MOUSE,0.0,0.0
sp|Q9JK23|PSMG1_MOUSE,0.0,0.0
sp|Q9JK53|PRELP_MOUSE,0.0,0.0
sp|Q9JKC8|AP3M1_MOUSE,0.0,0.0
sp|Q9JKF1|IQGA1_MOUSE,0.0,0.0
sp|Q9JKR6|HYOU1_MOUSE,0.0,0.0
sp|Q9JKW0|AR6P1_MOUSE,0.0,0.0
sp|Q9JL35|HMGN5_MOUSE,0.0,0.0
sp|Q9JL99|CLC1B_MOUSE,0.0,0.0
sp|Q9JLN5|ERMAP_MOUSE,0.0,0.0
sp|Q9JHI7|EXOS9_MOUSE,0.0,0.0
sp|Q9JHJ0|TMOD3_MOUSE,0.0,0.0
sp|Q9JHK5|PLEK_MOUSE,0.0,0.0
sp|Q9JHU4|DYHC1_MOUSE,0.0,0.0
sp|Q9JJZ2|TBA8_MOUSE,0.0,0.0
tr|Q8C6E1|Q8C6E1_MOUSE,0.0,0.0
tr|Q8CFX3|Q8CFX3_MOUSE,0.0,0.0
tr|Q8JZX1|Q8JZX1_MOUSE,0.0,0.0
tr|Q8K4D0|Q8K4D0_MOUSE / tr|Q8K3N3|Q8K3N3_MOUSE / tr|Q8R269|Q8R269_MOUSE / tr|Q5NC97|Q5NC97_MOUSE / tr|Q8K3N2|Q8K3N2_MOUSE / tr|Q8R277|Q8R277_MOUSE / tr|A0A494B935|A0A494B935_MOUSE,0.0,0.0
tr|Q8R1E9|Q8R1E9_MOUSE,0.0,0.0
tr|Q91XL1|Q91XL1_MOUSE,0.0,0.0
tr|Q99N75|Q99N75_MOUSE,0.0,0.0
tr|Q9CPN9|Q9CPN9_MOUSE,0.0,0.0
tr|Q9CV82|Q9CV82_MOUSE,0.0,0.0
sp|A2AGL3|RYR3_MOUSE / sp|E9Q401|RYR2_MOUSE / sp|E9PZQ0|RYR1_MOUSE,0.0,0.0
sp|Q9JLV5|CUL3_MOUSE,0.0,0.0
sp|Q9JM14|NT5C_MOUSE,0.0,0.0
sp|Q9JM76|ARPC3_MOUSE,0.0,0.0
sp|B2RQC6|PYR1_MOUSE,0.0,0.0
tr|Q9D1B1|Q9D1B1_MOUSE,0.0,0.0
sp|A2A870|FBF1_MOUSE,0.0,0.0
sp|P07091|S10A4_MOUSE,0.0,0.0
sp|P07356|ANXA2_MOUSE,0.0,0.0
sp|P07361|A1AG2_MOUSE,0.0,0.0
sp|P07758|A1AT1_MOUSE,0.0,0.0
tr|Q66VB7|Q66VB7_MOUSE,0.0,0.0
tr|Q6P9N8|Q6P9N8_MOUSE,0.0,0.0
tr|Q6PDB7|Q6PDB7_MOUSE,0.0,0.0
tr|Q80ZX0|Q80ZX0_MOUSE,0.0,0.0
sp|A6H6E2|MMRN2_MOUSE,0.0,0.0
sp|A6H6E9|TT23L_MOUSE,0.0,0.0
sp|B1AWN4|AT10B_MOUSE,0.0,0.0
sp|B2RPV6|MMRN1_MOUSE,0.0,0.0
sp|Q9JMA1|UBP14_MOUSE,0.0,0.0
sp|Q9ESX5|DKC1_MOUSE,0.0,0.0
sp|Q9ET26|RN114_MOUSE,0.0,0.0
sp|Q9JHE3|ASAH2_MOUSE,0.0,0.0
sp|Q9JHH6|CBPB2_MOUSE,0.0,0.0
sp|Q9EQU5|SET_MOUSE,0.0,0.0
sp|Q9ER39|TOR1A_MOUSE,0.0,0.0
sp|Q9ER41|TOR1B_MOUSE,0.0,0.0
sp|Q9ER58|TICN2_MOUSE,0.0,0.0
sp|Q9ERI5|JMJD6_MOUSE,0.0,0.0
sp|Q9ERK4|XPO2_MOUSE,0.0,0.0
sp|Q9ERL9|GCYA1_MOUSE,0.0,0.0
sp|Q9ERN0|SCAM2_MOUSE,0.0,0.0
sp|Q9ERS7|ILRL2_MOUSE,0.0,0.0
sp|Q9JHX3|IL21R_MOUSE,0.0,0.0
sp|Q9EPK6|SIL1_MOUSE,0.0,0.0
sp|Q9EPL2|CSTN1_MOUSE,0.0,0.0
sp|Q9EPL8|IPO7_MOUSE,0.0,0.0
sp|Q9EPS3|GLCE_MOUSE,0.0,0.0
sp|Q9EPU5|TNR21_MOUSE,0.0,0.0
sp|Q9EQF2|KELL_MOUSE,0.0,0.0
sp|Q9EQG7|ENPP5_MOUSE,0.0,0.0
sp|Q9EQG9|CERT_MOUSE,0.0,0.0
sp|Q9EQH2|ERAP1_MOUSE,0.0,0.0
sp|Q9EQH3|VPS35_MOUSE,0.0,0.0
sp|Q9EQK5|MVP_MOUSE,0.0,0.0
sp|Q9EQP2|EHD4_MOUSE,0.0,0.0
sp|Q9EQQ9|OGA_MOUSE,0.0,0.0
sp|Q9ES46|PARVB_MOUSE,0.0,0.0
sp|Q9JI02|S2B20_MOUSE,0.0,0.0
sp|Q9JI10|STK3_MOUSE,0.0,0.0
sp|Q9JI11|STK4_MOUSE,0.0,0.0
sp|Q9JI18|LRP1B_MOUSE,0.0,0.0
sp|Q9JI39|ABCBA_MOUSE,0.0,0.0
sp|Q9JI90|RNF14_MOUSE,0.0,0.0
sp|Q9JIF0|ANM1_MOUSE,0.0,0.0
sp|Q9JIF7|COPB_MOUSE,0.0,0.0
sp|Q9JIM1|S29A1_MOUSE,0.0,0.0
sp|O35344|IMA4_MOUSE,0.0,0.0
sp|Q9JMK0|B4GT5_MOUSE,0.0,0.0
sp|Q9QUG9|GRP2_MOUSE,0.0,0.0
sp|Q9QUI0|RHOA_MOUSE,0.0,0.0
sp|Q9ESW4|AGK_MOUSE,0.0,0.0
sp|Q9QUM9|PSA6_MOUSE,0.0,0.0
sp|Q9QUN9|DKK3_MOUSE,0.0,0.0
sp|Q9QWK4|CD5L_MOUSE,0.0,0.0
sp|Q9QWR8|NAGAB_MOUSE,0.0,0.0
sp|Q9QXA5|LSM4_MOUSE,0.0,0.0
sp|Q9QXB9|DRG2_MOUSE,0.0,0.0
sp|Q9QXG2|RAE1_MOUSE,0.0,0.0
sp|Q9QXK3|COPG2_MOUSE,0.0,0.0
sp|Q9QXT0|CNPY2_MOUSE,0.0,0.0
sp|Q9ES97|RTN3_MOUSE,0.0,0.0
sp|Q9ESB3|HRG_MOUSE,0.0,0.0
sp|Q9ESE1|LRBA_MOUSE,0.0,0.0
sp|Q9ESJ0|XPO4_MOUSE,0.0,0.0
sp|Q9EST5|AN32B_MOUSE,0.0,0.0
sp|Q9QUM4|SLAF1_MOUSE,0.0,0.0
sp|O55029|COPB2_MOUSE,0.0,0.0
sp|Q91YW3|DNJC3_MOUSE,0.0,0.0
sp|Q91YY2|B4GT3_MOUSE,0.0,0.0
sp|Q91ZV0|MIA2_MOUSE,0.0,0.0
sp|Q91ZV7|PLDX1_MOUSE,0.0,0.0
sp|Q920I9|WDR7_MOUSE,0.0,0.0
sp|Q921I2|KLDC4_MOUSE,0.0,0.0
sp|Q922B2|SYDC_MOUSE,0.0,0.0
sp|Q922D4|PP6R3_MOUSE,0.0,0.0
sp|Q922D8|C1TC_MOUSE,0.0,0.0
sp|Q922F4|TBB6_MOUSE,0.0,0.0
sp|Q922H4|GMPPA_MOUSE,0.0,0.0
sp|Q9WTX6|CUL1_MOUSE,0.0,0.0
sp|Q9CZM2|RL15_MOUSE,0.0,0.0
sp|Q9WUB3|PYGM_MOUSE,0.0,0.0
sp|Q9WUM3|COR1B_MOUSE,0.0,0.0
sp|Q9WUM4|COR1C_MOUSE,0.0,0.0
sp|Q9WUP7|UCHL5_MOUSE,0.0,0.0
sp|Q9WUU7|CATZ_MOUSE,0.0,0.0
sp|Q9WUZ9|ENTP5_MOUSE,0.0,0.0
sp|Q9WV32|ARC1B_MOUSE,0.0,0.0
sp|Q9WV55|VAPA_MOUSE,0.0,0.0
sp|Q9WV69|DEMA_MOUSE,0.0,0.0
sp|Q91XQ5|CHSTF_MOUSE,0.0,0.0
sp|Q91XV3|BASP1_MOUSE,0.0,0.0
sp|Q91Y47|FA11_MOUSE,0.0,0.0
sp|Q91Y97|ALDOB_MOUSE,0.0,0.0
sp|Q9WU60|ATRN_MOUSE,0.0,0.0
sp|Q99KF1|TMED9_MOUSE,0.0,0.0
sp|Q99KH8|STK24_MOUSE,0.0,0.0
sp|O55038|CXL13_MOUSE,0.0,0.0
sp|O55042|SYUA_MOUSE,0.0,0.0
sp|Q922Q8|LRC59_MOUSE,0.0,0.0
sp|Q922R8|PDIA6_MOUSE,0.0,0.0
sp|Q923B1|DBR1_MOUSE,0.0,0.0
sp|Q923D2|BLVRB_MOUSE,0.0,0.0
sp|Q923X1|AGRL4_MOUSE,0.0,0.0
sp|Q93092|TALDO_MOUSE,0.0,0.0
sp|Q99J09|MEP50_MOUSE,0.0,0.0
sp|Q99J45|NRBP_MOUSE,0.0,0.0
sp|Q99J56|DERL1_MOUSE,0.0,0.0
sp|O55023|IMPA1_MOUSE,0.0,0.0
sp|Q99J93|IFM2_MOUSE / sp|Q9CQW9|IFM3_MOUSE,0.0,0.0
sp|Q99JI4|PSMD6_MOUSE,0.0,0.0
sp|Q922J3|CLIP1_MOUSE,0.0,0.0
sp|Q922L6|NELFD_MOUSE,0.0,0.0
sp|O54781|SRPK2_MOUSE / sp|O70551|SRPK1_MOUSE / sp|Q9Z0G2|SRPK3_MOUSE,0.0,0.0
sp|O54819|TFPI1_MOUSE,0.0,0.0
sp|O54833|CSK22_MOUSE,0.0,0.0
sp|O54901|OX2G_MOUSE,0.0,0.0
sp|O54916|REPS1_MOUSE,0.0,0.0
sp|O54940|BNIP2_MOUSE,0.0,0.0
sp|O54957|LAT_MOUSE,0.0,0.0
sp|O54962|BAF_MOUSE,0.0,0.0
sp|O54984|GET3_MOUSE,0.0,0.0
sp|O54988|SLK_MOUSE,0.0,0.0
sp|Q99J83|ATG5_MOUSE,0.0,0.0
sp|Q91VU6|DCA11_MOUSE,0.0,0.0
sp|Q9WV80|SNX1_MOUSE,0.0,0.0
sp|Q9WVA4|TAGL2_MOUSE,0.0,0.0
sp|Q9WVE8|PACN2_MOUSE,0.0,0.0
sp|Q9WVG5|LIPE_MOUSE,0.0,0.0
sp|Q9WVH9|FBLN5_MOUSE,0.0,0.0
sp|Q9WVJ2|PSD13_MOUSE,0.0,0.0
sp|Q9WVJ9|FBLN4_MOUSE,0.0,0.0
sp|Q9WVL0|MAAI_MOUSE,0.0,0.0
sp|Q9Z0M9|I18BP_MOUSE,0.0,0.0
sp|Q9Z0N1|IF2G_MOUSE,0.0,0.0
sp|Q9Z0U1|ZO2_MOUSE,0.0,0.0
sp|Q9Z0X1|AIFM1_MOUSE,0.0,0.0
sp|Q91YH5|ATLA3_MOUSE,0.0,0.0
sp|O70194|EIF3D_MOUSE,0.0,0.0
sp|Q8VE70|PDC10_MOUSE,0.0,0.0
sp|F6ZDS4|TPR_MOUSE,0.0,0.0
sp|Q8VEK3|HNRPU_MOUSE,0.0,0.0
sp|Q8VHI7|DRC2_MOUSE,0.0,0.0
sp|Q8VHQ4|RB40C_MOUSE,0.0,0.0
sp|Q8VHX6|FLNC_MOUSE,0.0,0.0
sp|Q8VI75|IPO4_MOUSE,0.0,0.0
sp|Q8VDM4|PSMD2_MOUSE,0.0,0.0
sp|Q8VDN2|AT1A1_MOUSE,0.0,0.0
sp|Q8VDP4|CCAR2_MOUSE,0.0,0.0
sp|Q8VDV0|ITGBL_MOUSE,0.0,0.0
sp|Q8VDW0|DX39A_MOUSE,0.0,0.0
sp|O70165|FCN1_MOUSE,0.0,0.0
sp|Q91YI0|ARLY_MOUSE,0.0,0.0
sp|Q91YL2|RN126_MOUSE,0.0,0.0
sp|Q91YL3|UCKL1_MOUSE,0.0,0.0
sp|Q91YM2|RHG35_MOUSE,0.0,0.0
sp|Q91YP3|DEOC_MOUSE,0.0,0.0
sp|Q91YQ5|RPN1_MOUSE,0.0,0.0
sp|Q91YR1|TWF1_MOUSE,0.0,0.0
sp|Q91W43|GCSP_MOUSE,0.0,0.0
sp|Q91WB4|PKHF2_MOUSE,0.0,0.0
sp|Q91WG0|EST2C_MOUSE,0.0,0.0
sp|Q91WG4|ELP2_MOUSE,0.0,0.0
sp|Q91WI7|ITFG2_MOUSE,0.0,0.0
sp|Q91WK2|EIF3H_MOUSE,0.0,0.0
sp|Q91VR2|ATPG_MOUSE,0.0,0.0
sp|Q91WP0|MASP2_MOUSE,0.0,0.0
sp|Q91WR8|GPX6_MOUSE,0.0,0.0
sp|Q91X17|UROM_MOUSE,0.0,0.0
sp|Q91X79|CELA1_MOUSE,0.0,0.0
sp|Q91XA2|GOLM1_MOUSE,0.0,0.0
sp|Q8VI78|PLA1A_MOUSE,0.0,0.0
sp|Q8VI93|OAS3_MOUSE,0.0,0.0
sp|Q8VIB3|SIA10_MOUSE,0.0,0.0
sp|Q8VIK5|PEAR1_MOUSE,0.0,0.0
sp|Q91V41|RAB14_MOUSE,0.0,0.0
sp|Q91V80|APOF_MOUSE,0.0,0.0
sp|Q91VD9|NDUS1_MOUSE,0.0,0.0
sp|Q91VH2|SNX9_MOUSE,0.0,0.0
sp|Q91VI7|RINI_MOUSE,0.0,0.0
sp|Q91WM1|STRBP_MOUSE,0.0,0.0
sp|Q9CS84|NRX1A_MOUSE,0.0,0.0
sp|Q9CU62|SMC1A_MOUSE,0.0,0.0
sp|O35664|INAR2_MOUSE,0.0,0.0
sp|O35696|SIA8B_MOUSE,0.0,0.0
sp|O35744|CHIL3_MOUSE,0.0,0.0
sp|O35864|CSN5_MOUSE,0.0,0.0
sp|O35887|CALU_MOUSE,0.0,0.0
sp|O35900|LSM2_MOUSE,0.0,0.0
sp|O35955|PSB10_MOUSE,0.0,0.0
sp|Q9CQK7|RWDD1_MOUSE,0.0,0.0
sp|Q9CQM9|GLRX3_MOUSE,0.0,0.0
sp|Q9CQN1|TRAP1_MOUSE,0.0,0.0
sp|Q9CQQ7|AT5F1_MOUSE,0.0,0.0
sp|Q99KC8|VMA5A_MOUSE,0.0,0.0
sp|Q9CQR6|PPP6_MOUSE,0.0,0.0
sp|Q9CQS6|GKN2_MOUSE,0.0,0.0
sp|Q9CQV8|1433B_MOUSE,0.0,0.0
sp|Q9CQW1|YKT6_MOUSE,0.0,0.0
sp|Q9CQW3|PROZ_MOUSE,0.0,0.0
sp|Q9CR00|PSMD9_MOUSE,0.0,0.0
sp|Q9CR27|WASC3_MOUSE,0.0,0.0
sp|Q9CR29|CCD43_MOUSE,0.0,0.0
sp|Q99PL5|RRBP1_MOUSE,0.0,0.0
sp|Q9CPP0|NPM3_MOUSE,0.0,0.0
sp|Q9CPP6|NDUA5_MOUSE,0.0,0.0
sp|Q9CPQ8|ATP5L_MOUSE,0.0,0.0
sp|Q9CPR4|RL17_MOUSE,0.0,0.0
sp|Q9CQQ8|LSM7_MOUSE,0.0,0.0
sp|Q9CZN7|GLYM_MOUSE,0.0,0.0
sp|Q9CZU3|MTREX_MOUSE,0.0,0.0
sp|Q9CZU6|CISY_MOUSE,0.0,0.0
sp|Q9CZY3|UB2V1_MOUSE,0.0,0.0
sp|O35963|RB33B_MOUSE,0.0,0.0
sp|O54724|CAVN1_MOUSE,0.0,0.0
sp|O54734|OST48_MOUSE,0.0,0.0
sp|O54774|AP3D1_MOUSE,0.0,0.0
sp|Q9CUN6|SMUF1_MOUSE,0.0,0.0
sp|Q9CWF2|TBB2B_MOUSE,0.0,0.0
sp|Q9CWH6|PSMA8_MOUSE,0.0,0.0
sp|Q9CWI3|BCCIP_MOUSE,0.0,0.0
sp|Q9CWJ9|PUR9_MOUSE,0.0,0.0
sp|Q9CRC6|BORC7_MOUSE,0.0,0.0
sp|Q9CY27|TECR_MOUSE,0.0,0.0
sp|Q9CYA0|CREL2_MOUSE,0.0,0.0
sp|Q9R059|FHL3_MOUSE,0.0,0.0
sp|Q9R087|GPC6_MOUSE,0.0,0.0
sp|Q9R098|HGFA_MOUSE,0.0,0.0
sp|Q9R0G6|COMP_MOUSE,0.0,0.0
sp|Q9R0H2|MUCEN_MOUSE,0.0,0.0
sp|Q9R0P3|ESTD_MOUSE,0.0,0.0
sp|Q9R0P5|DEST_MOUSE,0.0,0.0
sp|Q9R0Q3|TMED2_MOUSE,0.0,0.0
sp|Q9R0Q7|TEBP_MOUSE,0.0,0.0
sp|Q9R0X2|ADEC1_MOUSE,0.0,0.0
sp|Q9CR57|RL14_MOUSE,0.0,0.0
sp|Q9CR62|M2OM_MOUSE,0.0,0.0
sp|Q9CXW4|RL11_MOUSE,0.0,0.0
sp|Q9R1P4|PSA1_MOUSE,0.0,0.0
sp|Q9R1T2|SAE1_MOUSE,0.0,0.0
sp|Q9R1V7|ADA23_MOUSE,0.0,0.0
sp|Q9WTI7|MYO1C_MOUSE,0.0,0.0
sp|Q9WTM5|RUVB2_MOUSE,0.0,0.0
sp|Q99KI0|ACON_MOUSE,0.0,0.0
sp|Q99KJ8|DCTN2_MOUSE,0.0,0.0
sp|Q99KN2|CIAO1_MOUSE,0.0,0.0
sp|Q99KW3|TARA_MOUSE,0.0,0.0
sp|Q99KY4|GAK_MOUSE,0.0,0.0
sp|Q99L27|GMPR2_MOUSE / sp|Q9DCZ1|GMPR1_MOUSE,0.0,0.0
sp|Q99L45|IF2B_MOUSE,0.0,0.0
sp|Q99L47|F10A1_MOUSE,0.0,0.0
sp|Q9CPW4|ARPC5_MOUSE,0.0,0.0
sp|Q99LD9|EI2BB_MOUSE,0.0,0.0
sp|Q99LJ1|FUCO_MOUSE,0.0,0.0
sp|Q99JI6|RAP1B_MOUSE,0.0,0.0
sp|Q99JP6|HOME3_MOUSE,0.0,0.0
sp|Q99JR1|SFXN1_MOUSE,0.0,0.0
sp|Q99JR5|TINAL_MOUSE,0.0,0.0
sp|Q99JR8|SMRD2_MOUSE,0.0,0.0
sp|Q99JT2|STK26_MOUSE,0.0,0.0
sp|Q99JW4|LIMS1_MOUSE,0.0,0.0
sp|Q99JX4|EIF3M_MOUSE,0.0,0.0
sp|Q99JY0|ECHB_MOUSE,0.0,0.0
sp|Q99JY3|GIMA4_MOUSE,0.0,0.0
sp|Q99JY9|ARP3_MOUSE,0.0,0.0
sp|Q99K41|EMIL1_MOUSE,0.0,0.0
sp|Q99LD4|CSN1_MOUSE,0.0,0.0
sp|Q9CPX6|ATG3_MOUSE,0.0,0.0
sp|Q9CPY7|AMPL_MOUSE,0.0,0.0
sp|Q9CQ10|CHMP3_MOUSE,0.0,0.0
sp|Q9CQ19|MYL9_MOUSE,0.0,0.0
sp|Q9CQ22|LTOR1_MOUSE,0.0,0.0
sp|Q9CQ48|NUDC2_MOUSE,0.0,0.0
sp|Q9CQ75|NDUA2_MOUSE,0.0,0.0
sp|Q9CQA3|SDHB_MOUSE,0.0,0.0
sp|Q9CQC6|5MP2_MOUSE,0.0,0.0
sp|Q9CQF9|PCYOX_MOUSE,0.0,0.0
sp|Q99LL3|CHSTC_MOUSE,0.0,0.0
sp|Q99M74|KRT82_MOUSE,0.0,0.0
sp|Q99MD9|NASP_MOUSE,0.0,0.0
sp|Q9R1P3|PSB2_MOUSE,0.0,0.0
sp|Q99MQ4|ASPN_MOUSE,0.0,0.0
sp|Q99MR6|SRRT_MOUSE,0.0,0.0
sp|Q99MS7|EH1L1_MOUSE,0.0,0.0
sp|Q99N57|RAF1_MOUSE / sp|P04627|ARAF_MOUSE,0.0,0.0
sp|Q99NB9|SF3B1_MOUSE,0.0,0.0
sp|Q99P58|RB27B_MOUSE,0.0,0.0
sp|Q99P72|RTN4_MOUSE,0.0,0.0
sp|Q99PG2|OGFR_MOUSE,0.0,0.0
sp|Q99PI5|LPIN2_MOUSE / sp|Q91ZP3|LPIN1_MOUSE,0.0,0.0
sp|Q9R111|GUAD_MOUSE,0.0,0.0
sp|Q9R118|HTRA1_MOUSE,0.0,0.0
sp|Q9R182|ANGL3_MOUSE,0.0,0.0
sp|Q9R1P0|PSA4_MOUSE,0.0,0.0
sp|Q9R1P1|PSB3_MOUSE,0.0,0.0
sp|Q99MK8|ARBK1_MOUSE,0.0,0.0
tr|E9PWZ2|E9PWZ2_MOUSE / tr|D2XZ31|D2XZ31_MOUSE,0.0,0.0
sp|P47754|CAZA2_MOUSE,0.0,0.0
sp|P47757|CAPZB_MOUSE,0.0,0.0
sp|P47811|MK14_MOUSE,0.0,0.0
sp|P47911|RL6_MOUSE,0.0,0.0
sp|P47915|RL29_MOUSE,0.0,0.0
sp|P47931|FST_MOUSE,0.0,0.0
sp|P47955|RLA1_MOUSE,0.0,0.0
sp|P47962|RL5_MOUSE,0.0,0.0
sp|P47963|RL13_MOUSE,0.0,0.0
sp|P47964|RL36_MOUSE,0.0,0.0
sp|P48193|EPB41_MOUSE,0.0,0.0
sp|P42703|LIFR_MOUSE,0.0,0.0
sp|Q64518|AT2A3_MOUSE,0.0,0.0
sp|P42932|TCPQ_MOUSE,0.0,0.0
sp|P43274|H14_MOUSE,0.0,0.0
sp|P45700|MA1A1_MOUSE,0.0,0.0
sp|P46061|RAGP1_MOUSE,0.0,0.0
sp|P46412|GPX3_MOUSE,0.0,0.0
sp|P46471|PRS7_MOUSE,0.0,0.0
sp|P46737|BRCC3_MOUSE,0.0,0.0
sp|P46935|NEDD4_MOUSE,0.0,0.0
sp|P47713|PA24A_MOUSE,0.0,0.0
sp|P47738|ALDH2_MOUSE,0.0,0.0
sp|P47753|CAZA1_MOUSE,0.0,0.0
sp|P39061|COIA1_MOUSE,0.0,0.0
sp|P39655|LOX12_MOUSE,0.0,0.0
sp|P42859|HD_MOUSE,0.0,0.0
sp|P53810|PIPNA_MOUSE,0.0,0.0
sp|P48725|PCNT_MOUSE,0.0,0.0
sp|P48962|ADT1_MOUSE,0.0,0.0
sp|P49182|HEP2_MOUSE,0.0,0.0
sp|P49183|DNAS1_MOUSE,0.0,0.0
sp|P49222|EPB42_MOUSE,0.0,0.0
sp|P49290|PERE_MOUSE,0.0,0.0
sp|P49443|PPM1A_MOUSE,0.0,0.0
sp|P49586|PCY1A_MOUSE,0.0,0.0
sp|P49710|HCLS1_MOUSE,0.0,0.0
sp|P49717|MCM4_MOUSE,0.0,0.0
sp|P49722|PSA2_MOUSE,0.0,0.0
sp|P49813|TMOD1_MOUSE,0.0,0.0
tr|E9PWQ3|E9PWQ3_MOUSE,0.0,0.0
sp|P50543|S10AB_MOUSE,0.0,0.0
sp|P50580|PA2G4_MOUSE,0.0,0.0
tr|B1AVU4|B1AVU4_MOUSE / tr|Q9D3N5|Q9D3N5_MOUSE,0.0,0.0
tr|B2RX70|B2RX70_MOUSE,0.0,0.0
tr|B2RXM6|B2RXM6_MOUSE,0.0,0.0
tr|B3F5L4|B3F5L4_MOUSE,0.0,0.0
tr|B7ZWD6|B7ZWD6_MOUSE,0.0,0.0
tr|D3YXF5|D3YXF5_MOUSE,0.0,0.0
tr|D3YYY1|D3YYY1_MOUSE,0.0,0.0
tr|D3Z2H9|D3Z2H9_MOUSE,0.0,0.0
tr|D4AFX7|D4AFX7_MOUSE,0.0,0.0
tr|E9PV38|E9PV38_MOUSE,0.0,0.0
tr|E9PWG6|E9PWG6_MOUSE,0.0,0.0
sp|P50516|VATA_MOUSE,0.0,0.0
sp|P01898|HA10_MOUSE,0.0,0.0
sp|P01942|HBA_MOUSE,0.0,0.0
sp|P02104|HBE_MOUSE,0.0,0.0
sp|P02468|LAMC1_MOUSE,0.0,0.0
sp|P02469|LAMB1_MOUSE,0.0,0.0
sp|P02816|PIP_MOUSE,0.0,0.0
sp|P03953|CFAD_MOUSE,0.0,0.0
sp|P03976|KV2A5_MOUSE / tr|A0A075B5K6|A0A075B5K6_MOUSE,0.0,0.0
sp|P33587|PROC_MOUSE,0.0,0.0
sp|P33622|APOC3_MOUSE,0.0,0.0
sp|P35123|UBP4_MOUSE,0.0,0.0
sp|P35235|PTN11_MOUSE,0.0,0.0
sp|P35278|RAB5C_MOUSE,0.0,0.0
sp|P39876|TIMP3_MOUSE,0.0,0.0
sp|P35282|RAB21_MOUSE,0.0,0.0
sp|P35293|RAB18_MOUSE,0.0,0.0
sp|P35441|TSP1_MOUSE,0.0,0.0
sp|P35459|LY6D_MOUSE,0.0,0.0
sp|P35486|ODPA_MOUSE,0.0,0.0
sp|P35492|HUTH_MOUSE,0.0,0.0
sp|P35564|CALX_MOUSE,0.0,0.0
sp|P35585|AP1M1_MOUSE,0.0,0.0
sp|P35700|PRDX1_MOUSE,0.0,0.0
tr|E9PYC2|E9PYC2_MOUSE / tr|L7N1X9|L7N1X9_MOUSE,0.0,0.0
tr|E9PYQ4|E9PYQ4_MOUSE,0.0,0.0
tr|E9PZP8|E9PZP8_MOUSE,0.0,0.0
tr|E9Q0F0|E9Q0F0_MOUSE,0.0,0.0
sp|P35279|RAB6A_MOUSE,0.0,0.0
sp|P40124|CAP1_MOUSE,0.0,0.0
sp|P41105|RL28_MOUSE,0.0,0.0
sp|P41216|ACSL1_MOUSE,0.0,0.0
sp|P41241|CSK_MOUSE,0.0,0.0
sp|P41245|MMP9_MOUSE,0.0,0.0
sp|P41274|TNFL9_MOUSE,0.0,0.0
sp|P41317|MBL2_MOUSE,0.0,0.0
sp|P42208|SEPT2_MOUSE,0.0,0.0
sp|P42567|EPS15_MOUSE,0.0,0.0
sp|P42669|PURA_MOUSE,0.0,0.0
sp|P04071|K1B16_MOUSE,0.0,0.0
sp|P35951|LDLR_MOUSE,0.0,0.0
sp|P35979|RL12_MOUSE,0.0,0.0
sp|P01897|HA1L_MOUSE,0.0,0.0
sp|P35991|BTK_MOUSE,0.0,0.0
sp|P36423|THAS_MOUSE,0.0,0.0
sp|P36536|SAR1A_MOUSE / sp|Q9CQC9|SAR1B_MOUSE,0.0,0.0
sp|P36552|HEM6_MOUSE,0.0,0.0
sp|P36916|GNL1_MOUSE,0.0,0.0
sp|P37889|FBLN2_MOUSE,0.0,0.0
sp|P38647|GRP75_MOUSE,0.0,0.0
sp|P39039|MBL1_MOUSE,0.0,0.0
sp|P39054|DYN2_MOUSE,0.0,0.0
sp|P35762|CD81_MOUSE,0.0,0.0
sp|P35821|PTN1_MOUSE,0.0,0.0
sp|P35831|PTN12_MOUSE,0.0,0.0
sp|P35917|VGFR3_MOUSE,0.0,0.0
sp|P35918|VGFR2_MOUSE,0.0,0.0
sp|P35980|RL18_MOUSE,0.0,0.0
sp|P61255|RL26_MOUSE,0.0,0.0
sp|P61290|PSME3_MOUSE,0.0,0.0
sp|P61358|RL27_MOUSE,0.0,0.0
sp|P61804|DAD1_MOUSE,0.0,0.0
sp|P61924|COPZ1_MOUSE,0.0,0.0
sp|P61965|WDR5_MOUSE,0.0,0.0
sp|P61979|HNRPK_MOUSE,0.0,0.0
sp|P61982|1433G_MOUSE,0.0,0.0
sp|P59325|IF5_MOUSE,0.0,0.0
sp|P59862|CAD26_MOUSE,0.0,0.0
sp|P59997|KDM2A_MOUSE,0.0,0.0
sp|P59999|ARPC4_MOUSE,0.0,0.0
sp|P60122|RUVB1_MOUSE,0.0,0.0
sp|P53657|KPYR_MOUSE,0.0,0.0
sp|P60335|PCBP1_MOUSE,0.0,0.0
sp|P60710|ACTB_MOUSE / sp|P63260|ACTG_MOUSE,0.0,0.0
sp|P60766|CDC42_MOUSE,0.0,0.0
sp|P60843|IF4A1_MOUSE,0.0,0.0
sp|P60867|RS20_MOUSE,0.0,0.0
sp|P60882|MEGF8_MOUSE,0.0,0.0
sp|P61027|RAB10_MOUSE,0.0,0.0
sp|P61028|RAB8B_MOUSE,0.0,0.0
sp|P61089|UBE2N_MOUSE,0.0,0.0
sp|P01887|B2MG_MOUSE,0.0,0.0
sp|P01896|HA1Z_MOUSE,0.0,0.0
sp|P56391|CX6B1_MOUSE,0.0,0.0
sp|P56395|CYB5_MOUSE,0.0,0.0
sp|P60229|EIF3E_MOUSE,0.0,0.0
sp|P62717|RL18A_MOUSE,0.0,0.0
sp|P62743|AP2S1_MOUSE,0.0,0.0
sp|P62748|HPCL1_MOUSE,0.0,0.0
sp|P62751|RL23A_MOUSE,0.0,0.0
sp|P62754|RS6_MOUSE,0.0,0.0
sp|P62806|H4_MOUSE,0.0,0.0
sp|P62814|VATB2_MOUSE,0.0,0.0
sp|P62082|RS7_MOUSE,0.0,0.0
sp|P62137|PP1A_MOUSE,0.0,0.0
sp|P62192|PRS4_MOUSE,0.0,0.0
sp|P62196|PRS8_MOUSE,0.0,0.0
sp|P62242|RS8_MOUSE,0.0,0.0
sp|P62245|RS15A_MOUSE,0.0,0.0
sp|P61222|ABCE1_MOUSE,0.0,0.0
sp|P62259|1433E_MOUSE,0.0,0.0
sp|P62264|RS14_MOUSE,0.0,0.0
sp|P62267|RS23_MOUSE,0.0,0.0
sp|P62270|RS18_MOUSE / tr|F6YVP7|F6YVP7_MOUSE / tr|A0A1Y7VKY1|A0A1Y7VKY1_MOUSE,0.0,0.0
sp|P62281|RS11_MOUSE,0.0,0.0
sp|P62301|RS13_MOUSE,0.0,0.0
sp|P62309|RUXG_MOUSE,0.0,0.0
sp|P62311|LSM3_MOUSE,0.0,0.0
sp|P62313|LSM6_MOUSE,0.0,0.0
sp|P61110|ANRE_MOUSE,0.0,0.0
sp|P61161|ARP2_MOUSE,0.0,0.0
sp|P61164|ACTZ_MOUSE,0.0,0.0
sp|P61202|CSN2_MOUSE,0.0,0.0
sp|P61205|ARF3_MOUSE / sp|P84078|ARF1_MOUSE,0.0,0.0
sp|P62257|UBE2H_MOUSE,0.0,0.0
sp|P01822|HVM46_MOUSE,0.0,0.0
sp|P01837|IGKC_MOUSE,0.0,0.0
sp|P01865|GCAM_MOUSE / sp|P01863|GCAA_MOUSE,0.0,0.0
sp|P01867|IGG2B_MOUSE,0.0,0.0
sp|P01869|IGH1M_MOUSE,0.0,0.0
sp|P53986|MOT1_MOUSE,0.0,0.0
sp|P54726|RD23A_MOUSE,0.0,0.0
sp|P54729|NUB1_MOUSE,0.0,0.0
sp|P54731|FAF1_MOUSE,0.0,0.0
sp|P54751|SIA4A_MOUSE,0.0,0.0
sp|P54775|PRS6B_MOUSE,0.0,0.0
sp|P54822|PUR8_MOUSE,0.0,0.0
sp|P54923|ADPRH_MOUSE,0.0,0.0
sp|P56399|UBP5_MOUSE,0.0,0.0
sp|P55065|PLTP_MOUSE,0.0,0.0
sp|P55284|CADH5_MOUSE,0.0,0.0
sp|P55292|DSC2_MOUSE,0.0,0.0
sp|P50608|FMOD_MOUSE,0.0,0.0
sp|P51150|RAB7A_MOUSE,0.0,0.0
sp|P51174|ACADL_MOUSE,0.0,0.0
sp|P51437|CAMP_MOUSE,0.0,0.0
sp|P51859|HDGF_MOUSE,0.0,0.0
sp|P51881|ADT2_MOUSE,0.0,0.0
sp|P51910|APOD_MOUSE,0.0,0.0
sp|P52479|UBP10_MOUSE,0.0,0.0
sp|P52480|KPYM_MOUSE,0.0,0.0
sp|P53026|RL10A_MOUSE,0.0,0.0
sp|P55002|MFAP2_MOUSE,0.0,0.0
sp|P56400|GP1BB_MOUSE,0.0,0.0
sp|P56480|ATPB_MOUSE,0.0,0.0
sp|P57080|UBP25_MOUSE,0.0,0.0
sp|P57759|ERP29_MOUSE,0.0,0.0
sp|P57776|EF1D_MOUSE,0.0,0.0
sp|P57780|ACTN4_MOUSE,0.0,0.0
sp|P57784|RU2A_MOUSE,0.0,0.0
sp|P58404|STRN4_MOUSE,0.0,0.0
sp|P58771|TPM1_MOUSE,0.0,0.0
sp|P58774|TPM2_MOUSE,0.0,0.0
sp|P59017|B2L13_MOUSE,0.0,0.0
tr|A2A7W1|A2A7W1_MOUSE / sp|Q6SJQ5|CLM3_MOUSE,0.0,0.0
tr|A2AEN9|A2AEN9_MOUSE,0.0,0.0
sp|P56371|RAB4A_MOUSE / sp|Q91ZR1|RAB4B_MOUSE,0.0,0.0
tr|A2AJD1|A2AJD1_MOUSE,0.0,0.0
tr|A2AS37|A2AS37_MOUSE,0.0,0.0
tr|A2BHD2|A2BHD2_MOUSE / sp|A2AEP0|OBP1B_MOUSE,0.0,0.0
tr|A2CEK7|A2CEK7_MOUSE,0.0,0.0
tr|A3KG49|A3KG49_MOUSE / tr|A2BG95|A2BG95_MOUSE / tr|Q52KH6|Q52KH6_MOUSE,0.0,0.0
tr|A6ZI46|A6ZI46_MOUSE,0.0,0.0
tr|A8DUK4|A8DUK4_MOUSE,0.0,0.0
tr|A8R0U8|A8R0U8_MOUSE,0.0,0.0
tr|A8R0U9|A8R0U9_MOUSE,0.0,0.0
tr|A8R0V1|A8R0V1_MOUSE,0.0,0.0
tr|B1AUN2|B1AUN2_MOUSE,0.0,0.0
tr|B1AVM1|B1AVM1_MOUSE,0.0,0.0
sp|P55937|GOGA3_MOUSE,0.0,0.0
sp|P56135|ATPK_MOUSE,0.0,0.0
tr|A2AGD7|A2AGD7_MOUSE,0.0,0.0
sp|P05977|MYL1_MOUSE,0.0,0.0
sp|P06151|LDHA_MOUSE,0.0,0.0
sp|P06327|HVM52_MOUSE,0.0,0.0
sp|P06328|HVM49_MOUSE / sp|P01754|HVM10_MOUSE / sp|P01753|HVM09_MOUSE,0.0,0.0
sp|P06329|HVM50_MOUSE,0.0,0.0
sp|P06683|CO9_MOUSE,0.0,0.0
sp|P06684|CO5_MOUSE,0.0,0.0
sp|P11588|MUP1_MOUSE / tr|A9R9W0|A9R9W0_MOUSE,0.0,0.0
sp|P11589|MUP2_MOUSE,0.0,0.0
sp|P11680|PROP_MOUSE,0.0,0.0
sp|P11688|ITA5_MOUSE,0.0,0.0
sp|P11835|ITB2_MOUSE,0.0,0.0
sp|P11983|TCPA_MOUSE,0.0,0.0
tr|E9Q2E4|E9Q2E4_MOUSE,0.0,0.0
sp|P12388|PAI2_MOUSE,0.0,0.0
sp|P12399|CTL2A_MOUSE,0.0,0.0
sp|P12787|COX5A_MOUSE,0.0,0.0
sp|P12970|RL7A_MOUSE,0.0,0.0
sp|P13020|GELS_MOUSE,0.0,0.0
sp|P13504|IL1R1_MOUSE,0.0,0.0
tr|J3QNT6|J3QNT6_MOUSE,0.0,0.0
tr|J3QPU5|J3QPU5_MOUSE,0.0,0.0
tr|O19441|O19441_MOUSE,0.0,0.0
tr|O35176|O35176_MOUSE,0.0,0.0
tr|O88325|O88325_MOUSE,0.0,0.0
tr|Q0VGU8|Q0VGU8_MOUSE,0.0,0.0
tr|Q14BI5|Q14BI5_MOUSE,0.0,0.0
sp|P12382|PFKAL_MOUSE,0.0,0.0
sp|P15702|LEUK_MOUSE,0.0,0.0
sp|P15864|H12_MOUSE / sp|P43277|H13_MOUSE,0.0,0.0
sp|P16056|MET_MOUSE,0.0,0.0
sp|P16294|FA9_MOUSE,0.0,0.0
sp|P16301|LCAT_MOUSE,0.0,0.0
sp|P16330|CN37_MOUSE,0.0,0.0
sp|P16546|SPTN1_MOUSE,0.0,0.0
sp|P16858|G3P_MOUSE,0.0,0.0
sp|P06728|APOA4_MOUSE,0.0,0.0
sp|P14115|RL27A_MOUSE,0.0,0.0
sp|P14131|RS16_MOUSE,0.0,0.0
sp|P14148|RL7_MOUSE,0.0,0.0
sp|P14206|RSSA_MOUSE,0.0,0.0
sp|P05622|PGFRB_MOUSE,0.0,0.0
sp|P14685|PSMD3_MOUSE,0.0,0.0
sp|P14733|LMNB1_MOUSE,0.0,0.0
sp|P14847|CRP_MOUSE,0.0,0.0
sp|P14869|RLA0_MOUSE,0.0,0.0
sp|P15105|GLNA_MOUSE,0.0,0.0
sp|P15209|NTRK2_MOUSE,0.0,0.0
sp|P15306|TRBM_MOUSE,0.0,0.0
sp|P15327|PMGE_MOUSE,0.0,0.0
sp|P15379|CD44_MOUSE,0.0,0.0
sp|P13595|NCAM1_MOUSE,0.0,0.0
sp|P13597|ICAM1_MOUSE,0.0,0.0
sp|P13609|SRGN_MOUSE,0.0,0.0
sp|P05367|SAA2_MOUSE,0.0,0.0
sp|P05480|SRC_MOUSE,0.0,0.0
sp|P14211|CALR_MOUSE,0.0,0.0
sp|P09405|NUCL_MOUSE,0.0,0.0
tr|Q9ER05|Q9ER05_MOUSE,0.0,0.0
tr|S4R299|S4R299_MOUSE,0.0,0.0
tr|S4R2L0|S4R2L0_MOUSE,0.0,0.0
tr|S4R2V3|S4R2V3_MOUSE,0.0,0.0
sex,0.0,0.0
sp|A2AN08|UBR4_MOUSE,0.0,0.0
sp|A2AQ07|TBB1_MOUSE,0.0,0.0
sp|A2ASQ1|AGRIN_MOUSE,0.0,0.0
sp|A2ASS6|TITIN_MOUSE,0.0,0.0
sp|A2AT37|RENT2_MOUSE,0.0,0.0
sp|A2AVA0|SVEP1_MOUSE,0.0,0.0
sp|A2BGH0|BPIB4_MOUSE,0.0,0.0
tr|Q3TUY3|Q3TUY3_MOUSE,0.0,0.0
tr|Q9D8U0|Q9D8U0_MOUSE,0.0,0.0
tr|Q9DBK7|Q9DBK7_MOUSE,0.0,0.0
tr|Q9DCE9|Q9DCE9_MOUSE,0.0,0.0
tr|Q9EPV7|Q9EPV7_MOUSE,0.0,0.0
tr|Q9EQI5|Q9EQI5_MOUSE,0.0,0.0
sp|B2RXC1|TPC11_MOUSE,0.0,0.0
sp|A2A8L5|PTPRF_MOUSE,0.0,0.0
tr|Q8C5R8|Q8C5R8_MOUSE,0.0,0.0
tr|Q8C084|Q8C084_MOUSE,0.0,0.0
sp|P06800|PTPRC_MOUSE,0.0,0.0
sp|Q9JMH9|MY18A_MOUSE,0.0,0.0
sp|B2RWS6|EP300_MOUSE,0.0,0.0
sp|A2AG06|MEIOC_MOUSE,0.0,0.0
tr|Q9D4E6|Q9D4E6_MOUSE / sp|P29341|PABP1_MOUSE,0.0,0.0
tr|Q3UQ05|Q3UQ05_MOUSE,0.0,0.0
tr|Q3UTA4|Q3UTA4_MOUSE / tr|Q3TQZ4|Q3TQZ4_MOUSE / tr|A0A1Y7VJE9|A0A1Y7VJE9_MOUSE / tr|J3QP87|J3QP87_MOUSE / tr|A0A1Y7VK80|A0A1Y7VK80_MOUSE / tr|Q8BX20|Q8BX20_MOUSE,0.0,0.0
tr|Q3UW77|Q3UW77_MOUSE,0.0,0.0
tr|Q61406|Q61406_MOUSE,0.0,0.0
tr|Q61635|Q61635_MOUSE,0.0,0.0
sp|P09813|APOA2_MOUSE,0.0,0.0
sp|P0CW02|LY6C1_MOUSE / sp|P0CW03|LY6C2_MOUSE,0.0,0.0
sp|P0DP26|CALM1_MOUSE / sp|P0DP28|CALM3_MOUSE / sp|P0DP27|CALM2_MOUSE,0.0,0.0
sp|P10107|ANXA1_MOUSE,0.0,0.0
sp|P10126|EF1A1_MOUSE,0.0,0.0
sp|P10518|HEM2_MOUSE,0.0,0.0
sp|P10639|THIO_MOUSE,0.0,0.0
sp|P10854|H2B1M_MOUSE / sp|Q6ZWY9|H2B1C_MOUSE / sp|Q64525|H2B2B_MOUSE / sp|Q64475|H2B1B_MOUSE / sp|Q64478|H2B1H_MOUSE / sp|P10853|H2B1F_MOUSE / sp|Q8CGP2|H2B1P_MOUSE / sp|Q8CGP1|H2B1K_MOUSE,0.0,0.0
sp|P09103|PDIA1_MOUSE,0.0,0.0
sp|P11276|FINC_MOUSE,0.0,0.0
sp|P11352|GPX1_MOUSE,0.0,0.0
sp|P11438|LAMP1_MOUSE,0.0,0.0
sp|P11499|HS90B_MOUSE,0.0,0.0
sp|P07901|HS90A_MOUSE,0.0,0.0
sp|P08003|PDIA4_MOUSE,0.0,0.0
sp|P08032|SPTA1_MOUSE,0.0,0.0
sp|P08071|TRFL_MOUSE,0.0,0.0
sp|P08103|HCK_MOUSE,0.0,0.0
sp|P08249|MDHM_MOUSE,0.0,0.0
sp|P08607|C4BPA_MOUSE,0.0,0.0
sp|P08752|GNAI2_MOUSE,0.0,0.0
sp|P08905|LYZ2_MOUSE,0.0,0.0
sp|P09055|ITB1_MOUSE,0.0,0.0
sp|P11031|TCP4_MOUSE,0.0,0.0
sp|P28667|MRP_MOUSE,0.0,0.0
sp|P28740|KIF2A_MOUSE,0.0,0.0
sp|P28798|GRN_MOUSE,0.0,0.0
sp|P29351|PTN6_MOUSE,0.0,0.0
sp|P25911|LYN_MOUSE,0.0,0.0
sp|P26039|TLN1_MOUSE,0.0,0.0
sp|P26041|MOES_MOUSE,0.0,0.0
sp|P26262|KLKB1_MOUSE,0.0,0.0
sp|P26339|CMGA_MOUSE,0.0,0.0
sp|P26350|PTMA_MOUSE,0.0,0.0
sp|P26516|PSMD7_MOUSE,0.0,0.0
sp|P26928|HGFL_MOUSE,0.0,0.0
sp|P27005|S10A8_MOUSE,0.0,0.0
sp|P15535|B4GT1_MOUSE,0.0,0.0
sp|P27601|GNA13_MOUSE,0.0,0.0
sp|P27656|LIPC_MOUSE,0.0,0.0
sp|P05208|CEL2A_MOUSE,0.0,0.0
sp|P05213|TBA1B_MOUSE,0.0,0.0
sp|P05366|SAA1_MOUSE,0.0,0.0
sp|P22272|IL6RA_MOUSE,0.0,0.0
sp|P22599|A1AT2_MOUSE,0.0,0.0
sp|P23116|EIF3A_MOUSE,0.0,0.0
sp|P23953|EST1C_MOUSE,0.0,0.0
sp|P24063|ITAL_MOUSE,0.0,0.0
sp|P24270|CATA_MOUSE,0.0,0.0
sp|P24369|PPIB_MOUSE,0.0,0.0
sp|P24549|AL1A1_MOUSE,0.0,0.0
sp|P27046|MA2A1_MOUSE,0.0,0.0
tr|E9Q616|E9Q616_MOUSE,0.0,0.0
tr|E9Q6D8|E9Q6D8_MOUSE,0.0,0.0
tr|E9Q6R7|E9Q6R7_MOUSE,0.0,0.0
tr|E9Q8N6|E9Q8N6_MOUSE,0.0,0.0
tr|E9Q8V6|E9Q8V6_MOUSE,0.0,0.0
tr|E9QA15|E9QA15_MOUSE,0.0,0.0
sp|P29391|FRIL1_MOUSE,0.0,0.0
sp|P29621|SPA3C_MOUSE,0.0,0.0
sp|P29699|FETUA_MOUSE,0.0,0.0
sp|P29788|VTNC_MOUSE,0.0,0.0
sp|P30355|AL5AP_MOUSE,0.0,0.0
sp|P30412|PPIC_MOUSE,0.0,0.0
sp|P30681|HMGB2_MOUSE,0.0,0.0
sp|P28656|NP1L1_MOUSE,0.0,0.0
sp|P31324|KAP3_MOUSE,0.0,0.0
sp|P31428|DPEP1_MOUSE,0.0,0.0
sp|P31532|SAA4_MOUSE,0.0,0.0
sp|P31725|S10A9_MOUSE,0.0,0.0
sp|P32883|RASK_MOUSE,0.0,0.0
sp|P32921|SYWC_MOUSE,0.0,0.0
sp|P27659|RL3_MOUSE,0.0,0.0
sp|P27870|VAV_MOUSE,0.0,0.0
sp|P28063|PSB8_MOUSE,0.0,0.0
sp|P28076|PSB9_MOUSE,0.0,0.0
sp|P28293|CATG_MOUSE,0.0,0.0
sp|P28301|LYOX_MOUSE,0.0,0.0
sp|P28474|ADHX_MOUSE,0.0,0.0
sp|P28654|PGS2_MOUSE,0.0,0.0
sp|P31230|AIMP1_MOUSE,0.0,0.0
sp|P19253|RL13A_MOUSE,0.0,0.0
sp|P19536|COX5B_MOUSE,0.0,0.0
sp|P19783|COX41_MOUSE,0.0,0.0
sp|P19973|LSP1_MOUSE,0.0,0.0
sp|P20060|HEXB_MOUSE,0.0,0.0
sp|P20152|VIME_MOUSE,0.0,0.0
sp|P20491|FCERG_MOUSE,0.0,0.0
sp|P20801|TNNC2_MOUSE,0.0,0.0
sp|P20918|PLMN_MOUSE,0.0,0.0
sp|P21107|TPM3_MOUSE,0.0,0.0
sp|P21180|CO2_MOUSE,0.0,0.0
sp|P17047|LAMP2_MOUSE,0.0,0.0
sp|P17439|GBA1_MOUSE,0.0,0.0
sp|P25206|MCM3_MOUSE,0.0,0.0
sp|P17710|HXK1_MOUSE,0.0,0.0
sp|P17742|PPIA_MOUSE,0.0,0.0
sp|P17751|TPIS_MOUSE,0.0,0.0
sp|P17918|PCNA_MOUSE,0.0,0.0
sp|P18527|HVM56_MOUSE,0.0,0.0
sp|P18528|HVM57_MOUSE,0.0,0.0
sp|P18533|HVM62_MOUSE,0.0,0.0
sp|P18572|BASI_MOUSE,0.0,0.0
sp|P18760|COF1_MOUSE,0.0,0.0
sp|P19137|LAMA1_MOUSE,0.0,0.0
sp|P19221|THRB_MOUSE,0.0,0.0
sp|P15508|SPTB1_MOUSE,0.0,0.0
sp|P15532|NDKA_MOUSE / sp|Q01768|NDKB_MOUSE,0.0,0.0
sp|P17563|SBP1_MOUSE / sp|Q63836|SBP2_MOUSE,0.0,0.0
sp|P25444|RS2_MOUSE,0.0,0.0
sp|P21279|GNAQ_MOUSE,0.0,0.0
sp|P21614|VTDB_MOUSE,0.0,0.0
sp|P21956|MFGM_MOUSE,0.0,0.0
sp|P04104|K2C1_MOUSE,0.0,0.0
sp|P04186|CFAB_MOUSE,0.0,0.0
sp|P04202|TGFB1_MOUSE,0.0,0.0
sp|P04441|HG2A_MOUSE,0.0,0.0
sp|P04444|HBBZ_MOUSE / sp|P04443|HBB0_MOUSE,0.0,0.0
sp|P04919|B3AT_MOUSE,0.0,0.0
sp|P04939|MUP3_MOUSE / tr|Q80YX8|Q80YX8_MOUSE,0.0,0.0
sp|P04945|KV6AB_MOUSE,0.0,0.0
sp|P05017|IGF1_MOUSE,0.0,0.0
tr|J3QK46|J3QK46_MOUSE,0.0,0.0
sp|P05064|ALDOA_MOUSE,0.0,0.0
sp|P05202|AATM_MOUSE,0.0,0.0
tr|E9QA79|E9QA79_MOUSE,0.0,0.0
tr|E9QAN8|E9QAN8_MOUSE,0.0,0.0
tr|F6RWR5|F6RWR5_MOUSE / sp|P19157|GSTP1_MOUSE / sp|P46425|GSTP2_MOUSE,0.0,0.0
tr|F6URP1|F6URP1_MOUSE / tr|E9Q328|E9Q328_MOUSE,0.0,0.0
tr|F6WYC8|F6WYC8_MOUSE,0.0,0.0
tr|F6YNI8|F6YNI8_MOUSE,0.0,0.0
tr|F7BAB2|F7BAB2_MOUSE,0.0,0.0
tr|G3UW60|G3UW60_MOUSE,0.0,0.0
tr|G3X972|G3X972_MOUSE,0.0,0.0
tr|G5E8J6|G5E8J6_MOUSE,0.0,0.0
tr|G5E8Z3|G5E8Z3_MOUSE,0.0,0.0
tr|J3QK03|J3QK03_MOUSE,0.0,0.0
sp|P05063|ALDOC_MOUSE,0.0,0.0
tr|A0A075B697|A0A075B697_MOUSE,0.0,0.0
sp|Q5ND34|WDR81_MOUSE,0.0,0.0
sp|Q5PR69|CRACD_MOUSE,0.0,0.0
sp|Q5PT54|NTCP5_MOUSE,0.0,0.0
sp|Q5SQX6|CYFP2_MOUSE / sp|Q7TMB8|CYFP1_MOUSE,0.0,0.0
sp|Q5SSH7|ZZEF1_MOUSE,0.0,0.0
sp|Q5SW46|PERL_MOUSE,0.0,0.0
sp|Q5XJY5|COPD_MOUSE,0.0,0.0
sp|Q60590|A1AG1_MOUSE,0.0,0.0
sp|Q60598|SRC8_MOUSE,0.0,0.0
sp|Q60605|MYL6_MOUSE,0.0,0.0
sp|Q4LDD4|ARAP1_MOUSE,0.0,0.0
sp|Q4V9Z5|SE6L2_MOUSE,0.0,0.0
sp|P62702|RS4X_MOUSE,0.0,0.0
sp|Q4ZJN1|C1QT9_MOUSE,0.0,0.0
sp|Q505D1|ANR28_MOUSE,0.0,0.0
sp|Q52KR3|PRUN2_MOUSE,0.0,0.0
sp|Q571I9|A16A1_MOUSE,0.0,0.0
sp|Q58A65|JIP4_MOUSE,0.0,0.0
sp|Q5BLK4|TUT7_MOUSE,0.0,0.0
sp|Q5DTK1|CHSS3_MOUSE,0.0,0.0
sp|Q5FW60|MUP20_MOUSE,0.0,0.0
sp|Q5FWK3|RHG01_MOUSE,0.0,0.0
sp|Q5NCC9|TRI58_MOUSE,0.0,0.0
tr|A0A0A6YXQ0|A0A0A6YXQ0_MOUSE,0.0,0.0
tr|A0A0A6YY83|A0A0A6YY83_MOUSE,0.0,0.0
tr|A0A0A6YYE5|A0A0A6YYE5_MOUSE,0.0,0.0
sp|Q4VC33|MAEA_MOUSE,0.0,0.0
sp|Q60973|RBBP7_MOUSE,0.0,0.0
sp|Q60994|ADIPO_MOUSE,0.0,0.0
sp|Q60997|DMBT1_MOUSE,0.0,0.0
sp|Q61074|PPM1G_MOUSE,0.0,0.0
sp|Q61081|CDC37_MOUSE,0.0,0.0
sp|Q61112|CAB45_MOUSE,0.0,0.0
sp|Q60631|GRB2_MOUSE,0.0,0.0
sp|Q60675|LAMA2_MOUSE,0.0,0.0
sp|Q60692|PSB6_MOUSE,0.0,0.0
sp|Q60715|P4HA1_MOUSE,0.0,0.0
sp|Q60716|P4HA2_MOUSE,0.0,0.0
sp|Q60737|CSK21_MOUSE,0.0,0.0
sp|Q60766|IRGM1_MOUSE,0.0,0.0
tr|A0A075B680|A0A075B680_MOUSE,0.0,0.0
sp|Q60787|LCP2_MOUSE,0.0,0.0
sp|Q60790|RASA3_MOUSE,0.0,0.0
sp|Q60805|MERTK_MOUSE,0.0,0.0
sp|Q60841|RELN_MOUSE,0.0,0.0
sp|Q60847|COCA1_MOUSE,0.0,0.0
sp|Q60854|SPB6_MOUSE,0.0,0.0
tr|A0A075B5V8|A0A075B5V8_MOUSE,0.0,0.0
tr|A0A075B5W1|A0A075B5W1_MOUSE,0.0,0.0
tr|A0A075B5W7|A0A075B5W7_MOUSE,0.0,0.0
tr|A0A075B5W9|A0A075B5W9_MOUSE,0.0,0.0
tr|A0A075B5Y4|A0A075B5Y4_MOUSE,0.0,0.0
tr|A0A075B674|A0A075B674_MOUSE,0.0,0.0
tr|A0A075B677|A0A075B677_MOUSE,0.0,0.0
sp|Q60769|TNAP3_MOUSE,0.0,0.0
sp|Q3U487|HECD3_MOUSE,0.0,0.0
sp|Q3U7R1|ESYT1_MOUSE,0.0,0.0
sp|Q3U962|CO5A2_MOUSE,0.0,0.0
sp|P01629|KV2A4_MOUSE / tr|A0A075B5J6|A0A075B5J6_MOUSE,0.0,0.0
sp|P01631|KV2A7_MOUSE,0.0,0.0
sp|P01633|KV5A1_MOUSE,0.0,0.0
sp|P01639|KV5A7_MOUSE,0.0,0.0
sp|P01643|KV5AA_MOUSE,0.0,0.0
sp|P01649|KV5AG_MOUSE,0.0,0.0
sp|P01654|KV3A1_MOUSE / sp|P01656|KV3A3_MOUSE,0.0,0.0
sp|P01660|KV3A8_MOUSE,0.0,0.0
sp|P01663|KV3AB_MOUSE / sp|P01662|KV3AA_MOUSE,0.0,0.0
tr|A0A0B4J1J1|A0A0B4J1J1_MOUSE,0.0,0.0
tr|A0A0A6YYE7|A0A0A6YYE7_MOUSE,0.0,0.0
tr|A0A0B4J1J4|A0A0B4J1J4_MOUSE,0.0,0.0
tr|A0A0B4J1J5|A0A0B4J1J5_MOUSE,0.0,0.0
tr|A0A0B4J1J7|A0A0B4J1J7_MOUSE,0.0,0.0
tr|A0A0B4J1M0|A0A0B4J1M0_MOUSE,0.0,0.0
tr|A0A0N4SVQ0|A0A0N4SVQ0_MOUSE,0.0,0.0
tr|A0A140T8M2|A0A140T8M2_MOUSE,0.0,0.0
tr|A0A140T8M4|A0A140T8M4_MOUSE,0.0,0.0
tr|A0A140T8M5|A0A140T8M5_MOUSE,0.0,0.0
tr|A0A140T8M6|A0A140T8M6_MOUSE,0.0,0.0
sp|Q3THE2|ML12B_MOUSE,0.0,0.0
sp|Q3TIV5|ZC3HF_MOUSE,0.0,0.0
sp|Q3TL44|NLRX1_MOUSE,0.0,0.0
sp|Q3TMX7|QSOX2_MOUSE,0.0,0.0
tr|A0A0B4J1J2|A0A0B4J1J2_MOUSE,0.0,0.0
tr|A0A0B4J1H6|A0A0B4J1H6_MOUSE / sp|P01630|KV2A6_MOUSE,0.0,0.0
tr|A0A0B4J1H7|A0A0B4J1H7_MOUSE,0.0,0.0
tr|A0A0B4J1H8|A0A0B4J1H8_MOUSE,0.0,0.0
tr|A0A0B4J1H9|A0A0B4J1H9_MOUSE,0.0,0.0
tr|A0A0B4J1I1|A0A0B4J1I1_MOUSE,0.0,0.0
tr|A0A0B4J1I7|A0A0B4J1I7_MOUSE,0.0,0.0
sp|Q3UPI1|GAK1B_MOUSE,0.0,0.0
sp|Q3UQN2|FCHO2_MOUSE,0.0,0.0
sp|Q3UV17|K22O_MOUSE,0.0,0.0
sp|Q3UZ39|LRRF1_MOUSE,0.0,0.0
sp|Q3V0K9|PLSI_MOUSE,0.0,0.0
sp|Q3V1L4|5NTC_MOUSE,0.0,0.0
sp|Q3V2T4|KTDAP_MOUSE,0.0,0.0
sp|Q3UP87|ELNE_MOUSE,0.0,0.0
sp|Q3V3G7|GRM2A_MOUSE,0.0,0.0
sp|Q3V3Q7|PACS2_MOUSE,0.0,0.0
sp|Q499E4|DZI1L_MOUSE,0.0,0.0
sp|P01667|KV3AF_MOUSE,0.0,0.0
sp|Q3UF25|STIMA_MOUSE,0.0,0.0
sp|Q3UFY7|5NT3B_MOUSE,0.0,0.0
sp|Q3UGC7|EI3JA_MOUSE / sp|Q66JS6|EI3JB_MOUSE,0.0,0.0
sp|Q3UHN9|NDST1_MOUSE,0.0,0.0
sp|Q3UHQ6|DOP2_MOUSE,0.0,0.0
sp|Q3UHX2|HAP28_MOUSE,0.0,0.0
sp|Q3UI43|BABA1_MOUSE,0.0,0.0
sp|Q3UM45|PP1R7_MOUSE,0.0,0.0
sp|Q3UMC0|SPAT5_MOUSE / sp|Q9D3R6|KATL2_MOUSE,0.0,0.0
sp|Q3UND0|SKAP2_MOUSE,0.0,0.0
sp|Q3V3A1|CDK15_MOUSE,0.0,0.0
sp|Q62000|MIME_MOUSE,0.0,0.0
sp|Q62009|POSTN_MOUSE,0.0,0.0
sp|Q62087|PON3_MOUSE,0.0,0.0
sp|Q62093|SRSF2_MOUSE,0.0,0.0
sp|Q62165|DAG1_MOUSE,0.0,0.0
sp|Q62170|SELPL_MOUSE,0.0,0.0
sp|Q62203|SF3A2_MOUSE,0.0,0.0
sp|Q62219|TGFI1_MOUSE,0.0,0.0
sp|Q62261|SPTB2_MOUSE,0.0,0.0
sp|Q62266|SPR1A_MOUSE,0.0,0.0
sp|Q62283|TSN7_MOUSE,0.0,0.0
sp|Q62313|TGON1_MOUSE,0.0,0.0
sp|Q62318|TIF1B_MOUSE,0.0,0.0
sp|Q60972|RBBP4_MOUSE,0.0,0.0
tr|A0A075B5T5|A0A075B5T5_MOUSE,0.0,0.0
tr|A0A075B5T6|A0A075B5T6_MOUSE,0.0,0.0
tr|A0A075B5T8|A0A075B5T8_MOUSE,0.0,0.0
tr|A0A075B5U0|A0A075B5U0_MOUSE,0.0,0.0
tr|A0A075B5U5|A0A075B5U5_MOUSE,0.0,0.0
tr|A0A075B5U6|A0A075B5U6_MOUSE,0.0,0.0
tr|A0A075B5V0|A0A075B5V0_MOUSE,0.0,0.0
tr|A0A075B5V3|A0A075B5V3_MOUSE,0.0,0.0
sp|Q61739|ITA6_MOUSE,0.0,0.0
sp|Q61749|EI2BD_MOUSE,0.0,0.0
sp|Q61753|SERA_MOUSE,0.0,0.0
sp|Q61792|LASP1_MOUSE,0.0,0.0
sp|Q61805|LBP_MOUSE,0.0,0.0
sp|O08585|CLCA_MOUSE,0.0,0.0
sp|G5E8K5|ANK3_MOUSE,0.0,0.0
sp|O08538|ANGP1_MOUSE,0.0,0.0
sp|O08539|BIN1_MOUSE,0.0,0.0
sp|O08573|LEG9_MOUSE,0.0,0.0
sp|Q64314|CD34_MOUSE,0.0,0.0
sp|Q64324|STXB2_MOUSE,0.0,0.0
sp|Q64337|SQSTM_MOUSE,0.0,0.0
sp|Q64339|ISG15_MOUSE,0.0,0.0
sp|Q64433|CH10_MOUSE / tr|Q9JI95|Q9JI95_MOUSE,0.0,0.0
sp|Q64442|DHSO_MOUSE,0.0,0.0
sp|Q64455|PTPRJ_MOUSE,0.0,0.0
sp|Q64516|GLPK_MOUSE,0.0,0.0
sp|A2ADY9|DDI2_MOUSE,0.0,0.0
sp|Q64152|BTF3_MOUSE,0.0,0.0
sp|Q64695|EPCR_MOUSE,0.0,0.0
sp|Q64726|ZA2G_MOUSE,0.0,0.0
sp|Q62376|RU17_MOUSE,0.0,0.0
sp|Q62383|SPT6H_MOUSE,0.0,0.0
sp|Q62418|DBNL_MOUSE,0.0,0.0
sp|Q62420|SH3G2_MOUSE / sp|Q62419|SH3G1_MOUSE,0.0,0.0
sp|Q62422|OSTF1_MOUSE,0.0,0.0
sp|Q62448|IF4G2_MOUSE,0.0,0.0
sp|Q62523|ZYX_MOUSE,0.0,0.0
sp|Q63880|EST3A_MOUSE,0.0,0.0
sp|Q63918|CAVN2_MOUSE,0.0,0.0
sp|Q64012|RALY_MOUSE,0.0,0.0
sp|Q640N1|AEBP1_MOUSE,0.0,0.0
sp|Q640N3|RHG30_MOUSE,0.0,0.0
sp|Q64692|SIA8D_MOUSE,0.0,0.0
sp|P00924|ENO1_YEAST,0.0,0.0
sp|P01027|CO3_MOUSE,0.0,0.0
sp|P01029|CO4B_MOUSE,0.0,0.0
sp|P01592|IGJ_MOUSE,0.0,0.0
sp|Q61129|CFAI_MOUSE,0.0,0.0
sp|Q61133|GSTT2_MOUSE,0.0,0.0
sp|Q61166|MARE1_MOUSE,0.0,0.0
sp|Q61171|PRDX2_MOUSE,0.0,0.0
sp|Q61176|ARGI1_MOUSE,0.0,0.0
sp|Q61189|ICLN_MOUSE,0.0,0.0
sp|Q61220|NELL2_MOUSE,0.0,0.0
sp|Q61233|PLSL_MOUSE,0.0,0.0
sp|Q61247|A2AP_MOUSE,0.0,0.0
sp|Q61810|LTBP3_MOUSE,0.0,0.0
sp|Q61292|LAMB2_MOUSE,0.0,0.0
sp|Q61316|HSP74_MOUSE,0.0,0.0
sp|Q61335|BAP31_MOUSE,0.0,0.0
sp|Q61398|PCOC1_MOUSE,0.0,0.0
sp|Q60864|STIP1_MOUSE,0.0,0.0
sp|Q60865|CAPR1_MOUSE,0.0,0.0
sp|Q60870|REEP5_MOUSE,0.0,0.0
sp|Q60872|IF1A_MOUSE,0.0,0.0
sp|Q60930|VDAC2_MOUSE,0.0,0.0
sp|Q60931|VDAC3_MOUSE,0.0,0.0
sp|Q60932|VDAC1_MOUSE,0.0,0.0
sp|Q60953|PML_MOUSE,0.0,0.0
sp|Q60960|IMA5_MOUSE,0.0,0.0
sp|Q61282|PGCA_MOUSE,0.0,0.0
sp|Q61838|PZP_MOUSE,0.0,0.0
sp|Q61851|FGFR3_MOUSE,0.0,0.0
sp|Q61881|MCM7_MOUSE,0.0,0.0
sp|Q61937|NPM_MOUSE,0.0,0.0
sp|Q61982|NOTC3_MOUSE,0.0,0.0
sp|Q61990|PCBP2_MOUSE,0.0,0.0
sp|P01627|KV2A2_MOUSE,0.0,0.0
sp|Q61508|ECM1_MOUSE,0.0,0.0
sp|Q61543|GSLG1_MOUSE,0.0,0.0
sp|Q61549|AGRE1_MOUSE,0.0,0.0
sp|Q61554|FBN1_MOUSE,0.0,0.0
sp|Q61592|GAS6_MOUSE,0.0,0.0
sp|Q61646|HPT_MOUSE,0.0,0.0
sp|P00920|CAH2_MOUSE,0.0,0.0
sp|Q61702|ITIH1_MOUSE,0.0,0.0
sp|Q61703|ITIH2_MOUSE,0.0,0.0
sp|Q61704|ITIH3_MOUSE,0.0,0.0
sp|Q61711|SIAL_MOUSE,0.0,0.0
sp|Q61730|IL1AP_MOUSE,0.0,0.0
sp|Q61470|CD37_MOUSE,0.0,0.0
sp|Q61495|DSG1A_MOUSE / sp|Q7TSF0|DSG1C_MOUSE / sp|Q7TSF1|DSG1B_MOUSE,0.0,0.0
sp|O89020|AFAM_MOUSE,0.0,0.0
sp|O89023|TPP1_MOUSE,0.0,0.0
sp|O89053|COR1A_MOUSE,0.0,0.0
sp|O89079|COPE_MOUSE,0.0,0.0
sp|O89103|C1QR1_MOUSE,0.0,0.0
sp|P00329|ADH1_MOUSE,0.0,0.0
sp|P00405|COX2_MOUSE,0.0,0.0
sp|Q61699|HS105_MOUSE,0.0,0.0
sp|P84104|SRSF3_MOUSE,0.0,0.0
sp|P97290|IC1_MOUSE,0.0,0.0
sp|P97300|NPTN_MOUSE,0.0,0.0
sp|P97310|MCM2_MOUSE,0.0,0.0
sp|P97315|CSRP1_MOUSE,0.0,0.0
sp|P70398|USP9X_MOUSE,0.0,0.0
sp|P70399|TP53B_MOUSE,0.0,0.0
sp|P70406|UCP2_MOUSE,0.0,0.0
sp|P70460|VASP_MOUSE,0.0,0.0
sp|P70663|SPRL1_MOUSE,0.0,0.0
sp|P70670|NACAM_MOUSE,0.0,0.0
sp|P70698|PYRG1_MOUSE,0.0,0.0
sp|P80313|TCPH_MOUSE,0.0,0.0
sp|Q3TPJ7|MIDN_MOUSE,0.0,0.0
sp|P80315|TCPD_MOUSE,0.0,0.0
sp|P80316|TCPE_MOUSE,0.0,0.0
sp|P80317|TCPZ_MOUSE,0.0,0.0
sp|P80318|TCPG_MOUSE,0.0,0.0
sp|P81117|NUCB2_MOUSE,0.0,0.0
sp|P70126|SIA8E_MOUSE,0.0,0.0
sp|P70168|IMB1_MOUSE,0.0,0.0
sp|P70195|PSB7_MOUSE,0.0,0.0
sp|P70218|M4K1_MOUSE,0.0,0.0
sp|P70232|NCHL1_MOUSE,0.0,0.0
sp|P70269|CATE_MOUSE,0.0,0.0
sp|P70274|SEPP1_MOUSE,0.0,0.0
sp|P70290|EM55_MOUSE,0.0,0.0
sp|P80314|TCPB_MOUSE,0.0,0.0
sp|P97379|G3BP2_MOUSE,0.0,0.0
sp|P97390|VPS45_MOUSE,0.0,0.0
sp|P97399|DSPP_MOUSE,0.0,0.0
sp|P97430|SLPI_MOUSE,0.0,0.0
sp|P97447|FHL1_MOUSE,0.0,0.0
sp|P97449|AMPN_MOUSE,0.0,0.0
sp|P97461|RS5_MOUSE,0.0,0.0
sp|P97470|PP4C_MOUSE,0.0,0.0
sp|E9Q394|AKP13_MOUSE,0.0,0.0
tr|A0A140T8N8|A0A140T8N8_MOUSE,0.0,0.0
tr|A0A140T8P1|A0A140T8P1_MOUSE,0.0,0.0
tr|A0A140T8P6|A0A140T8P6_MOUSE,0.0,0.0
tr|A0A140T8P7|A0A140T8P7_MOUSE,0.0,0.0
sp|P84099|RL19_MOUSE,0.0,0.0
tr|A0A140T8Q4|A0A140T8Q4_MOUSE / tr|A0A140T8Q0|A0A140T8Q0_MOUSE,0.0,0.0
tr|A0A1L1SQU7|A0A1L1SQU7_MOUSE,0.0,0.0
tr|A0A1L1SSC7|A0A1L1SSC7_MOUSE,0.0,0.0
tr|A0A286YCV9|A0A286YCV9_MOUSE,0.0,0.0
tr|A0A3B2WD20|A0A3B2WD20_MOUSE,0.0,0.0
tr|A0A494BBH0|A0A494BBH0_MOUSE,0.0,0.0
tr|A0A668KLU9|A0A668KLU9_MOUSE,0.0,0.0
sp|P83510|TNIK_MOUSE,0.0,0.0
sp|P83741|WNK1_MOUSE,0.0,0.0
sp|P83882|RL36A_MOUSE / tr|A0A2I3BPG9|A0A2I3BPG9_MOUSE,0.0,0.0
sp|P83940|ELOC_MOUSE,0.0,0.0
sp|P84084|ARF5_MOUSE,0.0,0.0
sp|P84091|AP2M1_MOUSE,0.0,0.0
sp|P84096|RHOG_MOUSE,0.0,0.0
tr|A0A140T8P9|A0A140T8P9_MOUSE / sp|P01638|KV5A6_MOUSE,0.0,0.0
sp|P63101|1433Z_MOUSE,0.0,0.0
sp|P63158|HMGB1_MOUSE,0.0,0.0
sp|P63163|RSMN_MOUSE / sp|P27048|RSMB_MOUSE,0.0,0.0
sp|P63168|DYL1_MOUSE / tr|Q80ZS7|Q80ZS7_MOUSE / sp|Q9D0M5|DYL2_MOUSE,0.0,0.0
sp|P63242|IF5A1_MOUSE,0.0,0.0
sp|P63254|CRIP1_MOUSE,0.0,0.0
sp|P62821|RAB1A_MOUSE,0.0,0.0
sp|P62830|RL23_MOUSE,0.0,0.0
sp|P62835|RAP1A_MOUSE,0.0,0.0
sp|P62849|RS24_MOUSE,0.0,0.0
sp|P62852|RS25_MOUSE,0.0,0.0
sp|P62855|RS26_MOUSE,0.0,0.0
sp|P62869|ELOB_MOUSE,0.0,0.0
sp|P70302|STIM1_MOUSE,0.0,0.0
sp|P62880|GBB2_MOUSE,0.0,0.0
sp|P62889|RL30_MOUSE,0.0,0.0
sp|P62897|CYC_MOUSE,0.0,0.0
sp|P62908|RS3_MOUSE,0.0,0.0
sp|P62911|RL32_MOUSE,0.0,0.0
sp|P62315|SMD1_MOUSE,0.0,0.0
sp|P62317|SMD2_MOUSE,0.0,0.0
sp|P62320|SMD3_MOUSE,0.0,0.0
sp|P62331|ARF6_MOUSE,0.0,0.0
sp|P62334|PRS10_MOUSE,0.0,0.0
sp|P62492|RB11A_MOUSE / sp|P46638|RB11B_MOUSE,0.0,0.0
sp|P62500|T22D1_MOUSE,0.0,0.0
sp|P62700|YPEL5_MOUSE,0.0,0.0
sp|P62874|GBB1_MOUSE,0.0,0.0
sp|P70303|PYRG2_MOUSE,0.0,0.0
sp|P70315|WASP_MOUSE,0.0,0.0
sp|P70326|TBX5_MOUSE,0.0,0.0
sp|P70336|ROCK2_MOUSE,0.0,0.0
sp|P70375|FA7_MOUSE,0.0,0.0
sp|P70389|ALS_MOUSE,0.0,0.0
sp|P63276|RS17_MOUSE,0.0,0.0
sp|P63330|PP2AA_MOUSE,0.0,0.0
sp|P67871|CSK2B_MOUSE,0.0,0.0
sp|P67984|RL22_MOUSE,0.0,0.0
sp|P68033|ACTC_MOUSE,0.0,0.0
sp|P68040|RACK1_MOUSE,0.0,0.0
sp|P68134|ACTS_MOUSE,0.0,0.0
sp|P63073|IF4E_MOUSE,0.0,0.0
sp|P68368|TBA4A_MOUSE,0.0,0.0
sp|P68369|TBA1A_MOUSE,0.0,0.0
sp|P68372|TBB4B_MOUSE,0.0,0.0
sp|P68373|TBA1C_MOUSE,0.0,0.0
sp|P68510|1433F_MOUSE,0.0,0.0
sp|P62918|RL8_MOUSE,0.0,0.0
sp|P62962|PROF1_MOUSE,0.0,0.0
sp|P62983|RS27A_MOUSE,0.0,0.0
sp|P63001|RAC1_MOUSE,0.0,0.0
sp|P63017|HSP7C_MOUSE,0.0,0.0
sp|P63037|DNJA1_MOUSE,0.0,0.0
sp|P63038|CH60_MOUSE,0.0,0.0
sp|P63044|VAMP2_MOUSE / sp|P63024|VAMP3_MOUSE,0.0,0.0
sp|P63056|NOE3_MOUSE,0.0,0.0
sp|P68254|1433T_MOUSE,0.0,0.0
sp|Q08890|IDS_MOUSE,0.0,0.0
sp|Q08943|SSRP1_MOUSE,0.0,0.0
sp|Q09200|B4GN1_MOUSE,0.0,0.0
sp|Q0GNC1|INF2_MOUSE,0.0,0.0
sp|Q0P678|ZCH18_MOUSE,0.0,0.0
sp|Q03958|PFD6_MOUSE,0.0,0.0
sp|Q04592|PCSK5_MOUSE,0.0,0.0
sp|Q05020|APOC2_MOUSE,0.0,0.0
sp|Q05144|RAC2_MOUSE,0.0,0.0
sp|Q05793|PGBM_MOUSE,0.0,0.0
sp|Q05895|TSP3_MOUSE,0.0,0.0
sp|Q05D44|IF2P_MOUSE,0.0,0.0
sp|Q06194|FA8_MOUSE,0.0,0.0
sp|P97371|PSME1_MOUSE,0.0,0.0
sp|Q06770|CBG_MOUSE,0.0,0.0
sp|Q06890|CLUS_MOUSE,0.0,0.0
tr|A0A140T8N7|A0A140T8N7_MOUSE,0.0,0.0
sp|B2RXS4|PLXB2_MOUSE,0.0,0.0
sp|B8JK39|ITA9_MOUSE,0.0,0.0
sp|B9EKR1|PTPRZ_MOUSE,0.0,0.0
sp|C0HKE3|H2A1D_MOUSE / sp|Q8CGP7|H2A1K_MOUSE / sp|Q8CGP6|H2A1H_MOUSE / sp|Q64523|H2A2C_MOUSE / sp|C0HKE8|H2A1O_MOUSE / sp|C0HKE6|H2A1I_MOUSE / sp|Q8CGP5|H2A1F_MOUSE / sp|C0HKE1|H2A1B_MOUSE / sp|Q8R1M2|H2AJ_MOUSE / sp|C0HKE5|H2A1G_MOUSE / sp|C0HKE9|H2A1P_MOUSE / sp|Q8BFU2|H2A3_MOUSE / sp|C0HKE2|H2A1C_MOUSE / sp|C0HKE7|H2A1N_MOUSE / tr|Q8CGP4|Q8CGP4_MOUSE / sp|C0HKE4|H2A1E_MOUSE / sp|Q6GSS7|H2A2A_MOUSE,0.0,0.0
sp|D3YX43|VSI10_MOUSE,0.0,0.0
sp|D3YXK2|SAFB1_MOUSE,0.0,0.0
sp|D3YZP9|CCDC6_MOUSE,0.0,0.0
sp|D3Z6Q9|BIN2_MOUSE,0.0,0.0
sp|D7PDD4|G6B_MOUSE,0.0,0.0
sp|E9PV24|FIBA_MOUSE,0.0,0.0
sp|Q06335|APLP2_MOUSE,0.0,0.0
sp|Q3TVC7|CCDB1_MOUSE,0.0,0.0
sp|Q3TWW8|SRSF6_MOUSE,0.0,0.0
sp|Q3TXS7|PSMD1_MOUSE,0.0,0.0
sp|Q3TYS2|CYBC1_MOUSE,0.0,0.0
sp|Q3TYX3|SMYD5_MOUSE,0.0,0.0
sp|Q3U1J4|DDB1_MOUSE,0.0,0.0
sp|Q3U308|CTU2_MOUSE,0.0,0.0
sp|Q0VFX2|CF157_MOUSE,0.0,0.0
sp|Q0VGB7|PP4R2_MOUSE,0.0,0.0
sp|Q0VGU4|VGF_MOUSE,0.0,0.0
sp|Q148V7|RELCH_MOUSE,0.0,0.0
sp|Q149F3|ERF3B_MOUSE,0.0,0.0
sp|Q18PI6|SLAF5_MOUSE,0.0,0.0
sp|Q08857|CD36_MOUSE,0.0,0.0
sp|Q1ERP8|CLM9_MOUSE,0.0,0.0
sp|Q3SXB8|COL11_MOUSE,0.0,0.0
sp|Q3TB82|PKHF1_MOUSE,0.0,0.0
sp|Q3TBD2|HMHA1_MOUSE,0.0,0.0
sp|Q3TCJ1|ABRX2_MOUSE,0.0,0.0
sp|Q07079|IBP5_MOUSE,0.0,0.0
sp|Q07113|MPRI_MOUSE,0.0,0.0
sp|Q07235|GDN_MOUSE,0.0,0.0
sp|Q07417|ACADS_MOUSE,0.0,0.0
sp|Q07456|AMBP_MOUSE,0.0,0.0
sp|Q07968|F13B_MOUSE,0.0,0.0
sp|Q08093|CNN2_MOUSE,0.0,0.0
sp|Q08189|TGM3_MOUSE,0.0,0.0
sp|Q08481|PECA1_MOUSE,0.0,0.0
sp|Q19LI2|A1BG_MOUSE,0.0,0.0
sp|Q01721|GAS1_MOUSE,0.0,0.0
sp|P01803|HVM34_MOUSE,0.0,0.0
sp|P97821|CATC_MOUSE,0.0,0.0
sp|P97822|AN32E_MOUSE,0.0,0.0
sp|P97855|G3BP1_MOUSE,0.0,0.0
sp|P97873|LOXL1_MOUSE,0.0,0.0
sp|P97927|LAMA4_MOUSE,0.0,0.0
sp|P98064|MASP1_MOUSE,0.0,0.0
sp|P99024|TBB5_MOUSE,0.0,0.0
sp|P99026|PSB4_MOUSE,0.0,0.0
sp|P99027|RLA2_MOUSE,0.0,0.0
sp|P99029|PRDX5_MOUSE,0.0,0.0
sp|Q00558|HAP40_MOUSE,0.0,0.0
sp|E9PYL2|PRR12_MOUSE,0.0,0.0
sp|P97503|NKX32_MOUSE,0.0,0.0
sp|P97807|FUMH_MOUSE,0.0,0.0
sp|P01668|KV3AG_MOUSE / sp|P01665|KV3AD_MOUSE / sp|P01664|KV3AC_MOUSE / sp|P01666|KV3AE_MOUSE,0.0,0.0
sp|P01675|KV6A1_MOUSE / sp|P01676|KV6A2_MOUSE / sp|P01678|KV6A4_MOUSE / sp|P01677|KV6A3_MOUSE,0.0,0.0
sp|P01741|HVM00_MOUSE,0.0,0.0
sp|P01746|HVM02_MOUSE / sp|P01747|HVM03_MOUSE,0.0,0.0
sp|P01748|HVM04_MOUSE,0.0,0.0
sp|P01750|HVM06_MOUSE / tr|A0A075B5Y1|A0A075B5Y1_MOUSE,0.0,0.0
sp|P01756|HVM12_MOUSE / sp|P01757|HVM13_MOUSE,0.0,0.0
sp|P97321|SEPR_MOUSE,0.0,0.0
sp|P97333|NRP1_MOUSE,0.0,0.0
sp|P97350|PKP1_MOUSE,0.0,0.0
sp|P97351|RS3A_MOUSE,0.0,0.0
sp|P97500|MYT1L_MOUSE,0.0,0.0
sp|Q01730|RSU1_MOUSE,0.0,0.0
sp|Q01853|TERA_MOUSE,0.0,0.0
sp|Q02013|AQP1_MOUSE,0.0,0.0
sp|Q02053|UBA1_MOUSE,0.0,0.0
sp|Q02357|ANK1_MOUSE,0.0,0.0
sp|Q02819|NUCB1_MOUSE,0.0,0.0
sp|Q03157|APLP1_MOUSE,0.0,0.0
sp|Q03172|ZEP1_MOUSE,0.0,0.0
sp|Q03265|ATPA_MOUSE,0.0,0.0
sp|Q03311|CHLE_MOUSE,0.0,0.0
sp|Q03350|TSP2_MOUSE,0.0,0.0
sp|Q03401|CRIS1_MOUSE,0.0,0.0
sp|Q03402|CRIS3_MOUSE,0.0,0.0
sp|Q01705|NOTC1_MOUSE,0.0,0.0
sp|Q00612|G6PD1_MOUSE,0.0,0.0
sp|Q00623|APOA1_MOUSE,0.0,0.0
sp|Q00690|LYAM2_MOUSE,0.0,0.0
sp|Q00724|RET4_MOUSE,0.0,0.0
sp|Q00896|A1AT3_MOUSE,0.0,0.0
sp|Q00897|A1AT4_MOUSE,0.0,0.0
sp|Q00898|A1AT5_MOUSE,0.0,0.0
sp|Q00993|UFO_MOUSE,0.0,0.0
sp|Q00PI9|HNRL2_MOUSE,0.0,0.0
sp|Q01063|PDE4D_MOUSE,0.0,0.0
sp|Q01102|LYAM3_MOUSE,0.0,0.0
sp|Q01279|EGFR_MOUSE,0.0,0.0
sp|Q01339|APOH_MOUSE,0.0,0.0
sp|Q01405|SC23A_MOUSE,0.0,0.0
sp|Q03734|SPA3M_MOUSE,0.0,0.0
sp|P54071|IDHP_MOUSE,-3.905591378938503e-06,1.0
sp|Q8R146|APEH_MOUSE,-1.0714002648707045e-05,1.0
sp|P97372|PSME2_MOUSE,-2.3171680054838477e-05,1.0
sp|Q5MJS3|FA20C_MOUSE,-2.433292043619512e-05,1.0
sp|O35643|AP1B1_MOUSE,-3.80223039153475e-05,2.0
sp|Q8C165|P20D1_MOUSE,-4.772901533330826e-05,1.0
sp|Q80TM9|NISCH_MOUSE,-5.135456350347437e-05,1.0
sp|P43406|ITAV_MOUSE,-5.7240981485272146e-05,2.0
sp|Q61735|CD47_MOUSE,-8.528701136377381e-05,1.0
sp|Q91Z69|SRGP1_MOUSE / sp|Q91Z67|SRGP2_MOUSE,-8.842280002327767e-05,1.0
tr|A0A5F8MPH8|A0A5F8MPH8_MOUSE,-9.139325079716262e-05,1.0
sp|Q9JJU8|SH3L1_MOUSE,-0.00010352845057558844,3.0
sp|P97361|BPIA1_MOUSE,-0.0001183165752251583,1.0
sp|P40240|CD9_MOUSE,-0.00013511488666105394,1.0
tr|A0A075B5X2|A0A075B5X2_MOUSE,-0.00014237583077443753,1.0
sp|Q9ERG2|STRN3_MOUSE,-0.00014378316745191746,1.0
sp|Q80V70|MEGF6_MOUSE,-0.00014493834489911955,1.0
sp|Q9Z0W1|TNR16_MOUSE,-0.00014970421257840617,1.0
sp|Q8BJL1|FBX30_MOUSE,-0.0001548800182925485,1.0
sp|P32037|GTR3_MOUSE,-0.00015821627696104097,1.0
tr|A0A075B5W6|A0A075B5W6_MOUSE,-0.00016293730174962506,1.0
sp|Q91V92|ACLY_MOUSE,-0.00016452150835679933,1.0
sp|G3X9K3|BIG1_MOUSE,-0.00017497625734284422,1.0
sp|Q04857|CO6A1_MOUSE,-0.00018614061022023613,1.0
sp|P16882|GHR_MOUSE,-0.0001908086223961572,1.0
sp|P46460|NSF_MOUSE,-0.00020275249733558637,1.0
sp|Q8C8R3|ANK2_MOUSE,-0.00020677078727196748,1.0
sp|Q9D0J8|PTMS_MOUSE,-0.0002096778370569235,1.0
sp|P68404|KPCB_MOUSE / sp|P20444|KPCA_MOUSE,-0.00023276018106436984,2.0
sp|P53994|RAB2A_MOUSE,-0.00025446631677431713,1.0
sp|Q8R4H2|ARHGC_MOUSE,-0.00025827270731020193,1.0
sp|Q9WTX5|SKP1_MOUSE,-0.0002784780865152473,1.0
sp|Q921V5|MGAT2_MOUSE,-0.0002940579115467774,3.0
sp|Q99LC5|ETFA_MOUSE,-0.00029871247929365866,2.0
sp|Q9JHR7|IDE_MOUSE,-0.0003037507321473686,1.0
sp|P20108|PRDX3_MOUSE,-0.00030760284416832885,1.0
sp|P06330|HVM51_MOUSE,-0.00032962923923783685,1.0
tr|D3Z5G7|D3Z5G7_MOUSE,-0.0003395214343674192,2.0
sp|Q9R0Q6|ARC1A_MOUSE,-0.00035615799224351756,1.0
sp|Q9ER00|STX12_MOUSE,-0.0003585991969318015,1.0
tr|A0A075B5U7|A0A075B5U7_MOUSE,-0.0003702069467127534,1.0
sp|P48722|HS74L_MOUSE,-0.0003951758212933378,1.0
sp|Q6WVG3|KCD12_MOUSE,-0.0003996353246310111,2.0
sp|Q9D6Y7|MSRA_MOUSE,-0.00040145265703453903,3.0
sp|Q8BY89|CTL2_MOUSE,-0.00041957378982645843,1.0
sp|P07743|BPIA2_MOUSE,-0.00042601274320713074,2.0
sp|B2RU40|PRRT4_MOUSE,-0.00043243685674387785,2.0
sp|P52623|UCK1_MOUSE,-0.0004500515059116318,3.0
sp|Q7TNP2|2AAB_MOUSE,-0.0004606809794345395,1.0
sp|Q8VHL0|UT1_MOUSE,-0.0004728167100878103,2.0
sp|Q5SWD9|TSR1_MOUSE,-0.0004778798640763615,2.0
tr|Q9WUR0|Q9WUR0_MOUSE,-0.0004794812233177688,2.0
tr|A0A075B5T3|A0A075B5T3_MOUSE,-0.0004973807856393359,1.0
tr|Q80ZX2|Q80ZX2_MOUSE,-0.0004987171278629636,1.0
sp|P24668|MPRD_MOUSE,-0.0005084225047252142,1.0
sp|Q9CX56|PSMD8_MOUSE,-0.0005174280680479678,1.0
sp|Q8C129|LCAP_MOUSE,-0.0005393338186118889,3.0
sp|P62827|RAN_MOUSE,-0.0005405742717244523,1.0
sp|Q4KMM3|OXR1_MOUSE,-0.0005446227372852861,2.0
tr|A0A0A6YXA5|A0A0A6YXA5_MOUSE,-0.0005483322941473168,2.0
sp|Q3UMR5|MCU_MOUSE,-0.0005592499960349006,1.0
sp|O09114|PTGDS_MOUSE,-0.0005913591264358895,2.0
sp|Q7TQ48|SRCA_MOUSE,-0.0006138967330287779,2.0
sp|P67778|PHB1_MOUSE,-0.0006197392112250468,2.0
sp|Q3V3R1|C1TM_MOUSE,-0.0006297474202058101,1.0
sp|Q3V1G4|OLM2B_MOUSE,-0.0006303031133275377,3.0
sp|Q9QZQ8|H2AY_MOUSE / sp|Q8CCK0|H2AW_MOUSE,-0.0006575935423352526,1.0
sp|P32233|DRG1_MOUSE,-0.0006731804407147468,2.0
sp|Q91YN9|BAG2_MOUSE,-0.0006770196624950317,1.0
tr|A0A075B5Y3|A0A075B5Y3_MOUSE,-0.0006828485458518029,1.0
tr|A0A140T8N5|A0A140T8N5_MOUSE,-0.0007015551733703565,5.0
sp|Q5RJI4|PKDCC_MOUSE,-0.0007134213101686421,2.0
sp|Q9Z1Q2|ABHGA_MOUSE,-0.0007511315882806741,3.0
sp|Q3UW53|NIBA1_MOUSE,-0.0007543682099149567,1.0
sp|Q64514|TPP2_MOUSE,-0.0007644254443278833,1.0
sp|Q9WU28|PFD5_MOUSE,-0.0007742355203815558,1.0
sp|O08749|DLDH_MOUSE,-0.0008569294124625674,4.0
sp|O70469|DOK2_MOUSE,-0.0008608134037018699,1.0
sp|P08226|APOE_MOUSE,-0.0008738255737833736,3.0
sp|Q8VHY0|CSPG4_MOUSE,-0.0008880622766868177,2.0
sp|P52430|PON1_MOUSE,-0.0008909593851563224,1.0
sp|Q9Z1X4|ILF3_MOUSE,-0.0009011460548168584,2.0
sp|Q8VEM8|MPCP_MOUSE,-0.0009150793748344238,3.0
sp|P01725|LV1C_MOUSE,-0.0009177888708475768,4.0
sp|G5E8Q8|AGRF5_MOUSE,-0.0009575312413686843,4.0
sp|Q3UKC1|TAXB1_MOUSE,-0.0009927296328763801,2.0
tr|E9PZ87|E9PZ87_MOUSE,-0.001015632087004393,2.0
sp|Q8VCF0|MAVS_MOUSE,-0.0010239639533244779,3.0
sp|Q61268|APOC4_MOUSE,-0.0010266091237322382,3.0
sp|Q9Z2V5|HDAC6_MOUSE,-0.0010268739599699913,4.0
tr|A0A0A6YWI9|A0A0A6YWI9_MOUSE,-0.0010981154759731018,3.0
sp|P62075|TIM13_MOUSE,-0.0011155784672468663,1.0
sp|P27546|MAP4_MOUSE,-0.0011243433182477022,3.0
sp|Q8VDP3|MICA1_MOUSE,-0.0011252353076622859,3.0
sp|B1AY13|UBP24_MOUSE,-0.0011271552494089888,3.0
sp|Q9R229|BMP10_MOUSE,-0.0011556847461917153,1.0
sp|Q9DC22|DCAF6_MOUSE,-0.0011688265367281252,2.0
sp|Q8BGC1|CE022_MOUSE,-0.0011790582732934423,3.0
tr|A0A075B5N4|A0A075B5N4_MOUSE,-0.0011814470190507265,2.0
tr|Q3UJB0|Q3UJB0_MOUSE,-0.0011987590381545255,4.0
sp|Q9CW03|SMC3_MOUSE,-0.0012244621851073877,4.0
tr|F8VQ05|F8VQ05_MOUSE,-0.0012333778620886224,4.0
sp|P15949|K1KB9_MOUSE,-0.0012365567268559352,4.0
sp|Q8CBB9|RSAD2_MOUSE,-0.0012411340708487555,2.0
sp|Q91XU3|PI42C_MOUSE,-0.0012956281276317297,4.0
sp|Q04207|TF65_MOUSE,-0.0013221847799260566,1.0
tr|F6ZIS7|F6ZIS7_MOUSE,-0.0013267909592408823,5.0
sp|Q9D3G5|STX11_MOUSE,-0.001326890245108278,4.0
sp|Q9QUP5|HPLN1_MOUSE,-0.0013829173748936539,2.0
sp|P07141|CSF1_MOUSE,-0.0014249964661594856,2.0
sp|Q9ERI2|RB27A_MOUSE,-0.00143551727108773,5.0
sp|Q9DC29|ABCB6_MOUSE,-0.0014378088058483911,4.0
sp|Q3U9N9|MOT10_MOUSE,-0.001450597079892666,2.0
sp|P39053|DYN1_MOUSE,-0.001522086184419848,2.0
sp|Q91ZX7|LRP1_MOUSE,-0.0015509373037174284,5.0
sp|P01673|KV3AL_MOUSE,-0.001557548903630134,1.0
sp|Q8R4K8|PAPP1_MOUSE,-0.0015703829600689607,4.0
sp|Q8CGU1|CACO1_MOUSE,-0.001620441448913022,3.0
sp|Q62465|VAT1_MOUSE,-0.0016264754809021983,5.0
sp|Q61475|DAF1_MOUSE,-0.0016280392004769347,1.0
sp|Q91V98|CD248_MOUSE,-0.001643328041307362,3.0
sp|Q05909|PTPRG_MOUSE,-0.0016560187071822808,7.0
sp|Q6X893|CTL1_MOUSE,-0.001658135206517456,3.0
sp|O08529|CAN2_MOUSE,-0.0016733421540720884,4.0
sp|Q62469|ITA2_MOUSE,-0.0017118847869931975,6.0
sp|O70172|PI42A_MOUSE,-0.0017219047821457828,4.0
sp|Q9ES81|POPD3_MOUSE,-0.001733061486418111,2.0
sp|Q9CZX0|ELP3_MOUSE,-0.0017453228989833028,6.0
sp|Q8VBT6|APOBR_MOUSE,-0.001747616813930245,5.0
sp|P01807|HVM37_MOUSE / sp|P01806|HVM36_MOUSE / sp|P01808|HVM38_MOUSE,-0.0017597621199868883,5.0
sp|B2RXR6|ANR44_MOUSE,-0.0017697644470112373,4.0
sp|Q9JHI0|MMP19_MOUSE,-0.0017753247491005255,1.0
sp|Q61789|LAMA3_MOUSE,-0.0018004540329406874,1.0
tr|A0A075B5L4|A0A075B5L4_MOUSE,-0.0018313622769057208,2.0
sp|P41233|ABCA1_MOUSE,-0.0019153006175530681,7.0
sp|Q9D0T1|NH2L1_MOUSE,-0.001946078414154619,4.0
sp|O35684|NEUS_MOUSE,-0.001952981078764996,2.0
sp|Q91WS0|CISD1_MOUSE,-0.001990952119466187,4.0
sp|Q8BU30|SYIC_MOUSE,-0.002050522974328143,2.0
sp|P08920|CD2_MOUSE,-0.00211398648509048,2.0
sp|Q8R418|DICER_MOUSE,-0.002139774372045929,4.0
tr|Q3ULL6|Q3ULL6_MOUSE,-0.00219728017626081,6.0
sp|Q8VDC1|FYCO1_MOUSE,-0.002216695967173741,2.0
sp|Q99L88|SNTB1_MOUSE,-0.00223213094292846,6.0
sp|Q91VU7|PUS7_MOUSE,-0.002284896393255414,6.0
sp|Q8BMP6|GCP60_MOUSE,-0.002295380088875717,2.0
tr|A0A338P6S8|A0A338P6S8_MOUSE,-0.0023197445627733152,10.0
sp|Q99LC8|EI2BA_MOUSE,-0.0023392252750018155,2.0
sp|Q922Q4|P5CR2_MOUSE / sp|Q922W5|P5CR1_MOUSE,-0.0024287266791937863,5.0
sp|P01674|KV3AM_MOUSE,-0.002437695844220164,2.0
sp|Q06185|ATP5I_MOUSE,-0.002467251354353622,8.0
tr|A0A075B5S2|A0A075B5S2_MOUSE,-0.0024942011600289794,6.0
sp|B1ATG9|TIKI2_MOUSE,-0.00252427088477866,6.0
tr|Q91XX1|Q91XX1_MOUSE,-0.002577940960434019,6.0
sp|Q62059|CSPG2_MOUSE,-0.0026087381979586315,5.0
sp|Q8VCH0|THIKB_MOUSE / sp|Q921H8|THIKA_MOUSE,-0.00266532640131516,4.0
sp|Q921I9|EXOS4_MOUSE,-0.0026983547423531785,5.0
tr|A0A0B4J1K5|A0A0B4J1K5_MOUSE,-0.002705447635657189,4.0
sp|Q8JZR0|ACSL5_MOUSE,-0.002727421644775363,4.0
sp|Q9D7M1|GID8_MOUSE,-0.0027788987307917836,6.0
sp|Q8BYH7|TBC17_MOUSE,-0.002809087942252084,4.0
sp|Q7TMR0|PCP_MOUSE,-0.0028288746453355197,6.0
sp|P22437|PGH1_MOUSE,-0.0028775566792918032,6.0
sp|Q2EG98|PK1L3_MOUSE,-0.002901999544890448,6.0
sp|P18828|SDC1_MOUSE,-0.0030501139646062453,8.0
sp|Q02596|GLCM1_MOUSE,-0.0031192337480846466,8.0
sp|P45952|ACADM_MOUSE,-0.0031274862102536145,5.0
sp|A2AKG8|FOCAD_MOUSE,-0.0031454339332860582,4.0
sp|O35188|X3CL1_MOUSE,-0.003165793589009133,3.0
sp|Q3TIR3|RIC8A_MOUSE,-0.003174991866759632,5.0
sp|Q99K48|NONO_MOUSE,-0.0032014202841222543,5.0
sp|P48036|ANXA5_MOUSE,-0.003219070956692818,5.0
sp|Q61809|LRRN1_MOUSE,-0.003309898676368663,6.0
sp|Q61768|KINH_MOUSE,-0.003396380235368493,7.0
sp|Q8BHD7|PTBP3_MOUSE,-0.0034046330410045524,3.0
tr|A0A087WPN7|A0A087WPN7_MOUSE,-0.0035140777701598734,5.0
sp|Q769J6|ATS13_MOUSE,-0.003553782781554812,6.0
sp|Q8K124|PKHO2_MOUSE,-0.003582561875407072,5.0
sp|Q922Q1|MARC2_MOUSE,-0.003599957377990174,5.0
sp|Q99J47|DRS7B_MOUSE,-0.0036570369362357996,9.0
sp|Q99LG2|TNPO2_MOUSE,-0.0037012920010551804,8.0
sp|Q9CQH7|BT3L4_MOUSE,-0.003847674790162163,6.0
sp|Q99KP6|PRP19_MOUSE,-0.003917887363786394,4.0
sp|Q6IRU5|CLCB_MOUSE,-0.0039731937520859455,6.0
sp|Q9CY45|EFMT1_MOUSE,-0.003995309514668694,4.0
sp|P01671|KV3AJ_MOUSE,-0.004021735448522453,7.0
sp|O70456|1433S_MOUSE,-0.00434631690706668,6.0
sp|P47878|IBP3_MOUSE,-0.004380237768370631,8.0
sp|Q62010|OVGP1_MOUSE,-0.004446386780100835,9.0
sp|P62900|RL31_MOUSE,-0.004457050685771788,9.0
sp|P01795|HVM26_MOUSE,-0.0044629418360600335,6.0
sp|Q9QY76|VAPB_MOUSE,-0.004539984346300474,5.0
sp|Q9R0Q1|SYTL4_MOUSE,-0.004567441733935518,9.0
sp|P18531|HVM60_MOUSE,-0.004750609830637753,8.0
tr|A0A075B5V6|A0A075B5V6_MOUSE,-0.004818288419392305,10.0
sp|Q91WZ8|DTBP1_MOUSE,-0.004963268948528509,7.0
sp|Q3THJ3|EIF1A_MOUSE,-0.004972310069358365,9.0
sp|Q8VC57|KCTD5_MOUSE,-0.004993915324728997,5.0
tr|Q9Z1A1|Q9Z1A1_MOUSE,-0.005118150222333984,9.0
sp|P01635|KV5A3_MOUSE,-0.00519253062011235,5.0
tr|E9PVG8|E9PVG8_MOUSE,-0.005203602850189501,11.0
sp|P01811|HVM41_MOUSE,-0.00520893378559169,14.0
tr|A0A075B6D5|A0A075B6D5_MOUSE,-0.005305059120432351,9.0
sp|Q9CZ30|OLA1_MOUSE,-0.005363872639222194,9.0
tr|A0A0N4SVU1|A0A0N4SVU1_MOUSE,-0.005448662395937304,18.0
sp|O55234|PSB5_MOUSE,-0.005576015442479317,10.0
sp|Q9CXY6|ILF2_MOUSE,-0.005596659515987757,16.0
sp|Q9EPL0|XYLT2_MOUSE,-0.0060510013500778784,14.0
sp|Q9R0M4|PODXL_MOUSE,-0.006075383285158013,10.0
sp|Q9D883|U2AF1_MOUSE,-0.006314205412871206,4.0
sp|Q6Q477|AT2B4_MOUSE,-0.006319517524785899,11.0
sp|P84750|KVM5_MOUSE,-0.006644649838218091,12.0
sp|Q80XR2|AT2C1_MOUSE,-0.006714407866943395,9.0
tr|A0A075B5T4|A0A075B5T4_MOUSE,-0.006824770001215959,10.0
sp|Q5XPI3|RN123_MOUSE,-0.0070109349299474055,14.0
sp|Q8BV57|SRCRL_MOUSE,-0.007027040360706085,13.0
sp|P55066|NCAN_MOUSE,-0.007110091126489486,11.0
sp|P51655|GPC4_MOUSE,-0.007111725235424427,8.0
sp|Q3U7U3|FBX7_MOUSE,-0.007363562763366216,9.0
sp|Q91YE6|IPO9_MOUSE,-0.0073956250788554815,9.0
sp|Q8VED9|LEGL_MOUSE,-0.007473616637935154,8.0
sp|Q91YU6|LZTS2_MOUSE,-0.007577371490957085,11.0
sp|P63321|RALA_MOUSE / sp|Q9JIW9|RALB_MOUSE,-0.007607355981212973,7.0
sp|Q62356|FSTL1_MOUSE,-0.007644910491847737,10.0
sp|Q6ZPU9|KBP_MOUSE,-0.007669617527768266,14.0
sp|Q9ES82|POPD2_MOUSE,-0.007746503155030103,15.0
sp|Q9Z2F2|OASL2_MOUSE,-0.007756012492700203,8.0
sp|Q80XH1|KXDL1_MOUSE,-0.008524523214557064,18.0
sp|Q64521|GPDM_MOUSE,-0.008528198049881044,14.0
tr|A0A075B5V9|A0A075B5V9_MOUSE,-0.008584180245457648,16.0
sp|Q9WTP7|KAD3_MOUSE,-0.008640690637243995,16.0
sp|P26645|MARCS_MOUSE,-0.008673248507823033,13.0
sp|P28665|MUG1_MOUSE,-0.008694578316230304,21.0
sp|P01810|HVM40_MOUSE,-0.008795003223836856,17.0
tr|A0A075B693|A0A075B693_MOUSE,-0.008948831308642345,12.0
tr|A0A075B5S6|A0A075B5S6_MOUSE,-0.009048090097688966,12.0
sp|Q80WT0|JPH4_MOUSE,-0.009066062407867644,18.0
sp|Q80X76|SPA3F_MOUSE,-0.009195760367000115,18.0
sp|Q64310|SURF4_MOUSE,-0.009250248288629139,14.0
sp|P70428|EXT2_MOUSE,-0.009643916325651071,17.0
sp|P01786|HVM17_MOUSE,-0.009683364358401248,11.0
sp|P36369|K1B26_MOUSE,-0.00974756762792745,18.0
sp|O08688|CAN5_MOUSE,-0.009820949387203893,11.0
tr|D3YZZ5|D3YZZ5_MOUSE,-0.010092824145687658,14.0
sp|Q9QUT0|RHAG_MOUSE,-0.01016545996340559,17.0
tr|E9Q3A7|E9Q3A7_MOUSE,-0.01070118173702429,23.0
sp|P28666|MUG2_MOUSE,-0.010795921095850935,25.0
sp|Q3UL36|ARGL1_MOUSE,-0.01105567586592022,11.0
tr|A0A140T8M3|A0A140T8M3_MOUSE,-0.011078109252863193,19.0
sp|P21126|UBL4A_MOUSE,-0.011164830996082595,11.0
sp|Q8R4Y4|STAB1_MOUSE,-0.011209241102601466,12.0
sp|Q9ESL4|M3K20_MOUSE,-0.011404557696302154,15.0
sp|Q02788|CO6A2_MOUSE,-0.011409362846058558,17.0
sp|P22907|HEM3_MOUSE,-0.011497246039397602,17.0
sp|P27773|PDIA3_MOUSE,-0.011762228101015921,15.0
sp|Q3TJD7|PDLI7_MOUSE,-0.012622246636181634,12.0
sp|Q9ER38|TOR3A_MOUSE,-0.012625442363357059,20.0
sp|Q8C3K6|SC5A1_MOUSE,-0.012729052981259955,23.0
sp|O09008|MFNG_MOUSE,-0.012745165979233681,19.0
sp|P34928|APOC1_MOUSE,-0.012974307408764221,18.0
sp|Q9CT10|RANB3_MOUSE,-0.013071980745561365,17.0
sp|Q2MHN3|ZFHX2_MOUSE,-0.013130806401679527,14.0
sp|O08852|PKD1_MOUSE,-0.013145408370339739,5.0
sp|P97798|NEO1_MOUSE,-0.013198846628396226,24.0
sp|P70349|HINT1_MOUSE,-0.013222946646275782,18.0
sp|Q9JHK4|PGTA_MOUSE,-0.013929296892832723,15.0
sp|Q91VM3|WIPI4_MOUSE,-0.014607386358901573,16.0
sp|Q9WU78|PDC6I_MOUSE,-0.0148329961904182,19.0
sp|Q60770|STXB3_MOUSE,-0.014917517426277054,18.0
sp|Q8BT18|ARMD4_MOUSE,-0.015052849865500864,23.0
tr|A8R0W3|A8R0W3_MOUSE,-0.015754893672163366,21.0
sp|P61622|ITA11_MOUSE,-0.016334588517316596,22.0
sp|Q9QY73|TMM59_MOUSE,-0.01732087705806951,20.0
sp|P54116|STOM_MOUSE,-0.017866114765626464,27.0
sp|Q9JLJ2|AL9A1_MOUSE,-0.01809736335708871,24.0
sp|Q8BUV3|GEPH_MOUSE,-0.018264874134202646,24.0
tr|A0A075B5S1|A0A075B5S1_MOUSE,-0.018309811206583357,20.0
tr|A0A075B5V7|A0A075B5V7_MOUSE,-0.0184665143954421,20.0
sp|O35161|CELR1_MOUSE,-0.018714392316738798,21.0
sp|P56379|ATP68_MOUSE,-0.01990452075436732,23.0
sp|P01132|EGF_MOUSE,-0.020067541605864513,32.0
sp|Q80W04|TMCC2_MOUSE,-0.02016818321830069,25.0
sp|P62892|RL39_MOUSE,-0.020555358204247986,25.0
sp|Q2TB54|FCAMR_MOUSE,-0.020568303349070022,24.0
tr|Q3UU43|Q3UU43_MOUSE,-0.020694530974408733,20.0
tr|Q9D8C9|Q9D8C9_MOUSE,-0.021042765742724904,22.0
sp|Q8BHB9|CLIC6_MOUSE,-0.021162077268065422,24.0
sp|Q6P6J9|TXD15_MOUSE,-0.021386918965252397,28.0
sp|Q8K2T8|PAF1_MOUSE,-0.02240697010017758,26.0
sp|Q9ES30|C1QT3_MOUSE,-0.02283861657889528,21.0
tr|A0A0A6YY60|A0A0A6YY60_MOUSE / tr|A0A075B5X4|A0A075B5X4_MOUSE / tr|A0A075B5W4|A0A075B5W4_MOUSE / tr|A0A075B5Y0|A0A075B5Y0_MOUSE / tr|A0A075B5X1|A0A075B5X1_MOUSE,-0.02359211183848009,22.0
sp|Q9WTR5|CAD13_MOUSE,-0.02440077611079795,25.0
sp|Q65Z40|WAPL_MOUSE,-0.024881283057683445,26.0
sp|Q9D0M3|CY1_MOUSE,-0.025496430777137053,24.0
sp|Q4FJU9|TMM40_MOUSE,-0.02596238835170002,33.0
sp|Q9QZZ6|DERM_MOUSE,-0.026173718304144583,38.0
tr|A0A075B5L1|A0A075B5L1_MOUSE,-0.028356514234296255,28.0
sp|P07759|SPA3K_MOUSE,-0.029638885136295586,36.0
sp|P07146|TRY2_MOUSE,-0.029932891816802434,28.0
sp|Q8BH27|MEGF9_MOUSE,-0.03082509632305611,39.0
sp|Q61555|FBN2_MOUSE,-0.0313335930396919,37.0
sp|Q61647|HYAS1_MOUSE,-0.03139901138789401,30.0
sp|Q8CF94|RHD_MOUSE,-0.033192823947079,34.0
sp|P06240|LCK_MOUSE,-0.03334612754381627,31.0
sp|Q6PZE0|MUC19_MOUSE,-0.033576592721409906,33.0
sp|P09470|ACE_MOUSE,-0.03372306288144916,34.0
sp|O35343|IMA3_MOUSE,-0.03478107432114076,34.0
sp|P09803|CADH1_MOUSE,-0.03529728612616676,41.0
sp|Q05186|RCN1_MOUSE,-0.03604191377511514,34.0
sp|P01843|LAC1_MOUSE / tr|A0A0G2JE99|A0A0G2JE99_MOUSE,-0.036965849563677836,43.0
sp|A2AJ76|HMCN2_MOUSE,-0.037102423065837935,42.0
sp|Q9R1T4|SEPT6_MOUSE,-0.038630576147429464,28.0
sp|O70439|STX7_MOUSE,-0.03921135273323274,37.0
sp|Q9DBU3|RIOK3_MOUSE,-0.04006571976681258,31.0
sp|Q9CZ42|NNRD_MOUSE,-0.04064545849101728,31.0
tr|A0A075B5K9|A0A075B5K9_MOUSE,-0.04254372601214853,36.0
sp|P11627|L1CAM_MOUSE,-0.04332531512485141,41.0
sp|Q9JHE7|TSSC4_MOUSE,-0.0434545607301702,37.0
sp|Q9EPK7|XPO7_MOUSE,-0.04364566917152449,39.0
sp|Q8R015|BL1S5_MOUSE,-0.043777994136701574,38.0
tr|A0A075B696|A0A075B696_MOUSE,-0.044996964065272954,42.0
tr|E9Q0B5|E9Q0B5_MOUSE,-0.04544978641144206,39.0
sp|Q99M28|RNPS1_MOUSE,-0.04690812482210721,37.0
sp|Q8R5M8|CADM1_MOUSE,-0.05129261660859121,41.0
sp|Q99LL5|PWP1_MOUSE,-0.052555688355526035,40.0
sp|Q9WV91|FPRP_MOUSE,-0.05516549240426978,45.0
sp|P16045|LEG1_MOUSE,-0.05632589956174067,44.0
sp|P26618|PGFRA_MOUSE,-0.058964286864199814,48.0
sp|Q80WM4|HPLN4_MOUSE,-0.05927688781180101,45.0
sp|Q9ET66|PI16_MOUSE,-0.06052982788125389,50.0
sp|Q9Z2W0|DNPEP_MOUSE,-0.0605542960924892,42.0
sp|P09411|PGK1_MOUSE,-0.061383079653955806,38.0
sp|Q3U0X8|TACT_MOUSE,-0.06151038852544592,45.0
tr|A0A0B4J1J6|A0A0B4J1J6_MOUSE,-0.061910358571920635,44.0
sp|Q2PZL6|FAT4_MOUSE,-0.06257352090652686,50.0
sp|P97402|GCNT2_MOUSE,-0.06337780603345097,47.0
sp|P11859|ANGT_MOUSE,-0.0653116594723473,46.0
sp|Q3UE37|UBE2Z_MOUSE,-0.06614351859034046,42.0
tr|A0A075B5V2|A0A075B5V2_MOUSE,-0.06632141452680981,42.0
sp|O35855|BCAT2_MOUSE,-0.06655318203279578,43.0
sp|Q8K4G1|LTBP4_MOUSE,-0.06775925096650677,48.0
sp|P98156|VLDLR_MOUSE,-0.06795033237409549,47.0
sp|Q9Z204|HNRPC_MOUSE,-0.06992565329611716,46.0
sp|P47856|GFPT1_MOUSE / sp|Q9Z2Z9|GFPT2_MOUSE,-0.0711904710640073,46.0
sp|Q8BSM7|LAT3_MOUSE,-0.07121106477259173,44.0
sp|P01727|LV1E_MOUSE / sp|P01723|LV1A_MOUSE / sp|P01728|LV2A_MOUSE / sp|P01726|LV1D_MOUSE / tr|A0A075B663|A0A075B663_MOUSE / sp|P01729|LV2B_MOUSE,-0.0725390551901723,49.0
sp|Q9CZ44|NSF1C_MOUSE,-0.07289126749821548,47.0
tr|A0A075B5T9|A0A075B5T9_MOUSE,-0.0752092026824651,46.0
sp|Q8K426|RETNG_MOUSE,-0.07551641223462607,44.0
sp|P01845|LAC3_MOUSE,-0.0758868907633386,49.0
sp|Q08879|FBLN1_MOUSE,-0.07694542994893684,49.0
sp|P11152|LIPL_MOUSE,-0.07754471613065218,49.0
sp|Q9WTQ5|AKA12_MOUSE,-0.0787038587188216,49.0
sp|Q5FW85|ECM2_MOUSE,-0.07908619479129401,49.0
sp|O35453|HEPS_MOUSE,-0.0843119626710212,49.0
sp|P26011|ITB7_MOUSE,-0.08710130013458174,49.0
sp|O70624|MYOC_MOUSE,-0.08770438194494729,44.0
sp|Q64237|DOPO_MOUSE,-0.08947144742830929,45.0
sp|Q9Z0M6|AGRE5_MOUSE,-0.09225070167255973,46.0
sp|P59383|LRRN4_MOUSE,-0.09372189821377212,50.0
sp|Q91V08|CLC2D_MOUSE / sp|Q9D676|CLC2G_MOUSE,-0.0947736423791724,45.0
tr|A0A075B5V5|A0A075B5V5_MOUSE,-0.0982077748755546,49.0
sp|Q91Z96|BMP2K_MOUSE,-0.0982264215401944,48.0
sp|Q9CZT5|VASN_MOUSE,-0.09907972725475869,48.0
sp|Q61826|MADCA_MOUSE,-0.10046274035666601,49.0
sp|Q80X72|LRC15_MOUSE,-0.1073765150384181,49.0
sp|Q99LX0|PARK7_MOUSE,-0.10804158474690467,45.0
tr|F6TQW2|F6TQW2_MOUSE,-0.11305501606980865,47.0
sp|P51885|LUM_MOUSE,-0.11488865403487158,50.0
sp|Q8VDQ8|SIR2_MOUSE,-0.11660313741274603,47.0
sp|Q9R1Q7|PLP2_MOUSE,-0.12050288282103853,50.0
sp|Q9Z1T2|TSP4_MOUSE,-0.12058450647988092,50.0
sp|Q60696|PMEL_MOUSE,-0.12096546065288578,49.0
sp|Q6PIU9|YJ005_MOUSE,-0.12363621748566982,50.0
sp|Q91WP6|SPA3N_MOUSE,-0.12553805118056094,49.0
sp|P16092|FGFR1_MOUSE,-0.12670284633964005,50.0
sp|O55022|PGRC1_MOUSE,-0.13155709892530892,45.0
sp|Q5U5Q9|UIMC1_MOUSE,-0.13248651941024184,50.0
sp|Q71M36|CSPG5_MOUSE,-0.13597330651042283,50.0
sp|Q9CQX2|CYB5B_MOUSE,-0.14215233300270852,46.0
sp|P97298|PEDF_MOUSE,-0.14245941947799648,50.0
sp|P01844|LAC2_MOUSE,-0.15034758177148258,50.0
tr|Q9QUK9|Q9QUK9_MOUSE / tr|Q9R0T7|Q9R0T7_MOUSE,-0.1564854321901991,49.0
sp|Q9CQW2|ARL8B_MOUSE,-0.15683464377617048,50.0
sp|Q8VEH3|ARL8A_MOUSE,-0.15694301516531803,50.0
sp|Q9CR33|MANS1_MOUSE,-0.16127627222292434,50.0
sp|D3YYU8|OBSL1_MOUSE,-0.16247451450447692,50.0
sp|Q64685|SIAT1_MOUSE,-0.16272367301407503,50.0
sp|P03987|IGHG3_MOUSE / tr|A0A1Y7VJN6|A0A1Y7VJN6_MOUSE,-0.184207669563127,50.0
sp|Q9EP64|TNMD_MOUSE,-0.19900078095395213,50.0
tr|A0A0G2JGT0|A0A0G2JGT0_MOUSE / tr|A0A075B5N6|A0A075B5N6_MOUSE,-0.203226748286504,50.0
sp|Q9R100|CAD17_MOUSE,-0.20684006249129946,50.0
sp|P37040|NCPR_MOUSE,-0.2312032220946681,50.0
sp|P21981|TGM2_MOUSE,-0.23636309611702847,50.0
tr|A0A0B4J1F9|A0A0B4J1F9_MOUSE,-0.2476846365837838,50.0
sp|Q8K0J2|B3GN7_MOUSE,-0.2761147145836005,50.0
sp|Q9WTP6|KAD2_MOUSE,-0.28059436792370596,50.0
sp|D3Z7H8|CILP2_MOUSE,-0.3180240285968888,50.0
sp|P01632|KV1A1_MOUSE,-0.34180945490616177,50.0
