Bin centre (nm),Concentration (particles / ml),Concentration (particles / ml),Concentration (particles / ml),Concentration (particles / ml),Concentration (particles / ml),Concentration average,Standard Error,Standard Deviation
0.5,0,0,0,0,0,0,0,0
1.5,0,0,0,0,0,0,0,0
2.5,0,0,0,0,0,0,0,0
3.5,0,0,0,0,0,0,0,0
4.5,0,0,0,0,0,0,0,0
5.5,0,0,0,0,0,0,0,0
6.5,0,0,0,0,0,0,0,0
7.5,0,0,0,0,0,0,0,0
8.5,0,0,0,0,0,0,0,0
9.5,0,0,0,0,0,0,0,0
10.5,0,0,0,0,0,0,0,0
11.5,0,0,0,0,0,0,0,0
12.5,0,0,0,0,0,0,0,0
13.5,0,0,0,0,0,0,0,0
14.5,0,0,0,0,0,0,0,0
15.5,0,0,0,0,0,0,0,0
16.5,0,0,0,0,0,0,0,0
17.5,0,0,0,0,0,0,0,0
18.5,0,0,0,0,0,0,0,0
19.5,0,0,0,0,0,0,0,0
20.5,0,0,0,0,0,0,0,0
21.5,0,0,0,0,0,0,0,0
22.5,0,0,0,0,0,0,0,0
23.5,0,0,0,0,0,0,0,0
24.5,0,0,0,0,0,0,0,0
25.5,0,0,0,0,0,0,0,0
26.5,0,0,0,0,0,0,0,0
27.5,0,0,0,0,0,0,0,0
28.5,0,0,0,0,0,0,0,0
29.5,0,0,0,0,0,0,0,0
30.5,0,0,0,0,0,0,0,0
31.5,0,0,0,0,0,0,0,0
32.5,0,0,0,0,0,0,0,0
33.5,0,0,0,0,0,0,0,0
34.5,0,0,0,0,0,0,0,0
35.5,0,0,0,0,0,0,0,0
36.5,0,0,0,0,0,0,0,0
37.5,0,0,0,0,0,0,0,0
38.5,0,0,0,0,0,0,0,0
39.5,0,0,0,0,0,0,0,0
40.5,0,0,0,0,0,0,0,0
41.5,0,0,0,0,0,0,0,0
42.5,0,0,0,0,0,0,0,0
43.5,0,0,2,0,0,0,0,0.894427191
44.5,0,0,5,0,0,1,0,2.236067977
45.5,0,0,12,0,0,3,2,5.366563146
46.5,0,1,25,0,0,5,5,11.0770032
47.5,0,2,47,0,0,10,9,20.81345719
48.5,0,2,81,0,0,17,16,36.0111094
49.5,0,3,132,0,0,27,26,58.71115737
50.5,0,4,204,0,0,42,41,90.80088105
51.5,0,5,306,0,0,62,61,136.3055391
52.5,0,8,454,0,0,92,90,202.1702253
53.5,0,13,671,0,0,137,134,298.679929
54.5,0,20,999,0,0,204,199,444.6146646
55.5,0,35,1514,0,0,310,301,673.3388449
56.5,0,61,2347,0,2,482,466,1042.89429
57.5,0,111,3739,0,8,771,742,1659.493387
58.5,0,207,6130,1,28,1273,1215,2716.401241
59.5,0,398,10344,6,97,2169,2045,4572.83774
60.5,0,778,17928,25,326,3811,3532,7897.650271
61.5,0,1542,31801,103,1054,6900,6232,13935.14343
62.5,0,3080,57446,387,3298,12842,11171,24979.7187
63.5,0,6167,105052,1340,9977,24507,20214,45200.32208
64.5,0,12326,193214,4316,29178,47807,36692,82045.89109
65.5,0,24494,354968,12991,82288,94948,66508,148716.6052
66.5,0,48225,647018,36699,222934,190975,120343,269094.1716
67.5,2,93790,1162631,97659,577233,386263,218775,489195.0268
68.5,14,179733,2047641,245474,1420010,778574,404409,904286.047
69.5,77,338673,3517182,583880,3298494,1547661,765832,1712452.277
70.5,379,626395,5868365,1315552,7192403,3000619,1470932,3289105.147
71.5,1676,1135470,9482290,2808665,14648004,5615221,2792868,6245042.122
72.5,6686,2014543,14808815,5680982,27758563,10053918,5102766,11410132.46
73.5,24155,3493845,22330676,10881373,48842161,17114442,8804280,19686968.86
74.5,79207,5915878,32509562,19727434,79765582,27599533,14203739,31760526.73
75.5,236424,9767352,45723610,33842401,121087254,42131408,21352118,47744787.61
76.5,644387,15704047,62210242,54942926,171410935,60982508,29935973,66938869.96
77.5,1609122,24555116,82028012,84475878,227350598,84003745,39290877,87857071.55
78.5,3694501,37289171,105045811,123179703,284229419,110687721,48548686,108558161.8
79.5,7827991,54924627,130959723,170716481,337241646,140334094,56849009,127118248.8
80.5,15364705,78374916,159330467,225533629,382578924,172236528,63509779,142012184.3
81.5,28045678,108237539,189630187,285043518,418102790,205811943,68091301,152256777.1
82.5,47795830,144562077,221287405,346082966,443428445,240631344,70368934,157349719
83.5,76353426,186657234,253722042,405501154,459556432,276358058,70285156,157162386.8
84.5,114795244,233007445,286366917,460685543,468308407,312632711,67942734,151924571.5
85.5,163088028,281353653,318676252,509882864,471791167,348958393,63647379,142319866.2
86.5,219819517,328949627,350124609,552268134,472009841,384634346,57961712,129606328.7
87.5,282221457,372948244,380201002,587803917,470653682,418765660,51718994,115647186.5
88.5,346505597,410825752,408403035,616979518,469020995,450346979,45945281,102736770.9
89.5,408431271,440737690,434235096,640521693,468032297,478391609,41626640,93079997.36
90.5,463953920,461724511,457213395,659142650,468286799,502064255,39310197,87900271.52
91.5,509793020,473735858,476879028,673358908,470131534,520779670,38798680,86756484.83
92.5,543801323,477496574,492818671,683389752,473726034,534246471,39328457,87941102.71
93.5,565089498,474274169,504690857,689130459,479095080,542456013,40071964,89603636.15
94.5,573929943,465617410,512254462,690190471,486167697,545631997,40466235,90485251.7
95.5,571508859,453123009,515395057,685985381,494803281,544163118,40257695,90018942.62
96.5,559609910,438263272,514144576,675869746,504806876,538538876,39428342,88164452.56
97.5,540301911,422283529,508690302,659293586,515935865,529301039,38128244,85257344.64
98.5,515678811,406161017,499370624,635959624,527900458,517014107,36652443,81957354.34
99.5,487674010,390608662,486657023,605953821,540360366,502250776,35444514,79256342.41
100.5,457950157,376105985,471123993,569822036,552920169,485584468,35063060,78403385.15
101.5,427852651,362942414,453410535,528573288,565126038,467580985,36030176,80565921.93
102.5,398409686,351262702,434178064,483604619,576466447,448784304,38585354,86279474.99
103.5,370361574,341108465,414069810,436560533,586379382,429695953,42549564,95143716.67
104.5,344205035,332453002,393676047,389155411,594268001,410751499,47431717,106060543
105.5,320242024,325228714,373508108,342994997,599525764,392299922,52639123,117704657
106.5,298626465,319347503,353982428,299430400,601570658,374591491,57626404,128856556.6
107.5,279405316,314715037,335414280,259466721,599886460,357777563,61959037,138544619.5
108.5,262552517,311239858,318019699,223732943,594067174,341922438,65329193,146080517.7
109.5,247995746,308838220,301923476,192505515,583859333,327024458,67552141,151051179.2
110.5,235636629,307435384,287170927,165769074,569196082,313041619,68555294,153294297.4
111.5,225365367,306963997,273741482,143295054,550217286,299916637,68364256,152867124.5
112.5,217070788,307360018,261562547,124721464,527271417,287597247,67087474,150012151.7
113.5,210646709,308556623,250522696,109622460,500897500,276049198,64900092,145121017.2
114.5,205995344,310476483,240483698,97562127,471788509,265261232,62027130,138696878.6
115.5,203028286,313022780,231291258,88131565,440740564,255242891,58725694,131314644.3
116.5,201665422,316069477,222784553,80971342,408594476,246017054,55265569,123577570.3
117.5,201831989,319451422,214804722,75782675,376177095,237609581,51907171,116067962.9
118.5,203453871,322955193,207202393,72330836,344249406,230038340,48876160,109290416.4
119.5,206451222,326311844,199844252,70443741,313466603,223303533,46336026,103610503.3
120.5,210730478,329193132,192618501,70007833,284352992,217380587,44364097,99201136.24
121.5,216175013,331213094,185438964,70962530,257292018,212216324,42940297,96017422.91
122.5,222634871,331937010,178247568,73293768,232529629,207728569,41956449,93817472.22
123.5,229916371,330899580,171014973,77026539,210187790,203809051,41245327,92227354.85
124.5,237772784,327633377,163739288,82215888,190284421,200329152,40619484,90827926.85
125.5,245897734,321707287,156442967,88935539,172756158,197147937,39908239,89237535.44
126.5,253923291,312772550,149168222,97263247,157480994,194121661,38986646,87176790.1
127.5,261424859,300611680,141971435,107262176,144298702,191113770,37796264,84515014.98
128.5,267934650,285183235,134917161,118958126,133027825,188004199,36359756,81302886.69
129.5,272964675,266654073,128072314,132313388,123478747,184696639,34789522,77791735.8
130.5,276038817,245410978,121501032,147199237,115462947,181122602,33285733,74429160.54
131.5,276731664,222045905,115260602,163370531,108798830,177241506,32112429,71805574.32
132.5,274709885,197313417,109398598,180447072,103314748,173036744,31537809,70520684.49
133.5,269770404,172064433,103951257,197907005,98849863,168508593,31741813,70976850.61
134.5,261869037,147165627,98942958,215097002,95253493,163665624,32734225,73195952.81
135.5,251134023,123417323,94386574,231262109,92383531,158516712,34342465,76792086.86
136.5,237861011,101483218,90284444,245595018,90104474,153065633,36275525,81114539.37
137.5,222489183,81842563,86629711,257300671,88285556,147309537,38211140,85442707.46
138.5,205561634,64770352,83407785,265668504,86799412,141241537,39859550,89128663.99
139.5,187675924,50345058,80597786,270142198,85521647,134856523,40995263,91668194.09
140.5,169432250,38478336,78173829,270376428,84331587,128158486,41467613,92724402.04
141.5,151386524,28958028,76106114,266271893,83114343,121167380,41200505,92127129.92
142.5,134014072,21495211,74361783,257983621,81764144,113923766,40186622,89860018.62
143.5,117687079,15767581,72905581,245902085,80188637,106490192,38478134,86039723.71
144.5,102666233,11454156,71700357,230611105,78313645,98949099,36174841,80889402.68
145.5,89104685,8259269,70707464,212829736,76087677,91397766,33410686,74708564.88
146.5,77061059,5926182,69887119,193346899,73485386,83941329,30339848,67841962.65
147.5,66517734,4242206,69198791,172957321,70509254,76685061,27123675,60650380.57
148.5,57400920,3037805,68601663,152405757,67189001,69727029,23919517,53485665.51
149.5,49599847,2182081,68055202,132344133,63578571,63151967,20871951,46671100.52
150.5,42983325,1576605,67519876,113303669,59750945,57026884,18106014,40486278.26
151.5,37412853,1148962,66957984,95681835,55791433,51398613,15721043,35153319.73
152.5,32752162,846804,66334597,79742320,51790308,46293238,13783058,30819855.77
153.5,28873524,632817,65618544,65625186,47835721,41717159,12315009,27537197.02
154.5,25661406,480682,64783379,53364019,44007717,37659441,11289055,25243094.88
155.5,23014126,371979,63808250,42906967,40373905,34095045,10630100,23769626.36
156.5,20844096,293880,62678582,34138957,36987015,30988506,10235325,22886882.1
157.5,19077174,237483,61386509,26902981,33884256,28297681,10001045,22363016.39
158.5,17651499,196613,59930998,21018950,31088186,25977249,9842568,22008650.47
159.5,16516094,166998,58317630,16299256,28608636,23981723,9701185,21692509.51
160.5,15629421,145681,56558061,12560670,26445240,22267814,9541901,21336339.9
161.5,14957988,130628,54669184,9632676,24590159,20796127,9347588,20901842.16
162.5,14475084,120459,52672057,7362589,23030683,19532174,9113120,20377555.35
163.5,14159647,114264,50590690,5618001,21751512,18446823,8840787,19768601.53
164.5,13995280,111485,48450766,4287205,20736599,17516267,8537112,19089562.82
165.5,13969389,111842,46278402,3278166,19970538,16721667,8210800,18359907.32
166.5,14072435,115296,44099016,2516623,19439504,16048575,7871511,17601234.86
167.5,14297264,122029,41936366,1943731,19131785,15486235,7529181,16835760.73
168.5,14638507,132457,39811800,1513591,19037954,15026862,7193694,16085588.45
169.5,15092015,147258,37743728,1190886,19150709,14664919,6874766,15372444.45
170.5,15654322,167430,35747318,948757,19464388,14396443,6581912,14717602.21
171.5,16322125,194364,33834389,766973,19974185,14218407,6324382,14141748.64
172.5,17091762,229959,32013477,630424,20675021,14128129,6110964,13664532.17
173.5,17958704,276771,30290029,527904,21560090,14122699,5949540,13303575.19
174.5,18917063,338199,28666692,451157,22619067,14198436,5846352,13072841.59
175.5,19959127,418726,27143660,394149,23836043,14350341,5805046,12980477.89
176.5,21074955,524216,25719047,352512,25187286,14571603,5825648,13026544.54
177.5,22252049,662260,24389265,323140,26639046,14853152,5903775,13201241.32
178.5,23475156,842579,23149383,303897,28145716,15183346,6030301,13484161.96
179.5,24726215,1077462,21993465,293413,29648766,15547864,6191584,13844801.79
180.5,25984489,1382214,20914871,290955,31076923,15929890,6370199,14244198.56
181.5,27226912,1775572,19906527,296358,32348082,16310690,6546069,14637455.15
182.5,28428645,2280024,18961161,310010,33373285,16670625,6697894,14976945.29
183.5,29563845,2921952,18071508,332887,34062840,16990606,6804860,15216130.34
184.5,30606606,3731505,17230489,366652,34334273,17253905,6848608,15313954.09
185.5,31532029,4742100,16431367,413813,34121313,17448124,6815410,15239719.51
186.5,32317346,5989459,15667881,477958,33382688,17567067,6698471,14978235.54
187.5,32943018,7510114,14934363,564097,32109249,17612168,6500228,14534950.8
188.5,33393709,9339368,14225834,679120,30327954,17593197,6234505,13940776.9
189.5,33659070,11508764,13538082,832411,28101636,17527993,5928349,13256192.3
190.5,33734244,14043187,12867717,1036644,25524168,17441192,5623035,12573487.49
191.5,33620072,16957826,12212197,1308789,22711545,17362086,5372764,12013866.44
192.5,33322955,20255269,11569837,1671330,19790183,17321915,5238117,11712785.81
193.5,32854422,23923074,10939776,2153694,16884348,17351063,5271755,11788001.5
194.5,32230414,27932120,10321926,2793799,14104687,17476589,5500621,12299763.5
195.5,31470377,32236039,9716885,3639593,11539575,17720494,5917320,13231530.7
196.5,30596227,36771879,9125829,4750309,9250244,18098898,6487923,14507437.1
197.5,29631280,41462071,8550383,6197080,7269894,18622142,7167843,16027784.52
198.5,28599222,46217570,7992478,8062369,5606223,19295573,7914212,17696715.37
199.5,27523181,50941959,7454209,10437612,4246328,20120658,8691791,19435435.45
200.5,26424953,55536143,6937689,13418438,3162743,21095993,9475035,21186821.52
201.5,25324407,59903221,6444924,17096926,2319508,22217797,10248880,22917193.08
202.5,24239083,63953142,5977701,21550725,1677436,23479617,11009214,24617350.58
203.5,23183960,67606730,5537501,26829366,1198141,24871140,11762679,26302149.9
204.5,22171394,70798836,5125444,32938872,846690,26376247,12524915,28006562.44
205.5,21211183,73480406,4742254,39826571,593038,27970691,13316312,29776178.26
206.5,20310726,75619443,4388259,47368764,412483,29619935,14155122,31651815.77
207.5,19475259,77200897,4063405,55364218,285461,31277848,15049144,33650909.04
208.5,18708123,78225646,3767294,63536248,196960,32886854,15988442,35751243.93
209.5,18011044,78708757,3499236,71545172,135766,34379995,16941843,37883111.59
210.5,17384407,78677257,3258307,79011306,93687,35684993,17858677,39933214.99
211.5,16827514,78167652,3043411,85546664,64854,36730019,18675350,41759351.78
212.5,16338803,77223387,2853345,90791547,45128,37450442,19324827,43211626.25
213.5,15916033,75892406,2686857,94450876,31629,37795560,19746701,44154964.95
214.5,15556434,74224961,2542701,96324697,22371,37734233,19895852,44488478.65
215.5,15256818,72271714,2419686,96328099,15999,37258463,19748372,44158701.1
216.5,15013645,70082203,2316716,94497584,11589,36384347,19304121,43165326.72
217.5,14823070,67703651,2232829,90983305,8517,35150274,18585944,41559433.94
218.5,14680955,65180109,2167222,86029040,6361,33612738,17636027,39435355.6
219.5,14582854,62551908,2119283,79943624,4835,31840501,16510281,36918111.31
220.5,14523993,59855345,2088607,73068576,3745,29908053,15271754,34148680.64
221.5,14499228,57122596,2075016,65746623,2960,27889285,13984065,31269321.01
222.5,14503004,54381762,2078585,58294966,2389,25852141,12705650,28410696.59
223.5,14529320,51657045,2099650,50985736,1971,23854744,11485341,25682002.92
224.5,14571703,48968995,2138836,44034565,1664,21943153,10359548,23164654.14
225.5,14623203,46334799,2197075,37596825,1437,20150668,9351078,20909644.85
226.5,14676416,43768594,2275624,31770182,1271,18498417,8469512,18938404.81
227.5,14723541,41281785,2376095,26601572,1151,16996829,7712966,17246716.7
228.5,14756483,38883348,2500476,22096700,1068,15647615,7070876,15810959.79
229.5,14766997,36580121,2651150,18230353,1015,14445927,6527326,14595545.19
230.5,14746880,34377071,2830924,14956270,988,13382427,6064284,13560152.25
231.5,14688206,32277535,3043039,12215735,984,12445100,5664205,12665547.61
232.5,14583598,30283441,3291177,9944497,1003,11620743,5311707,11877338.03
233.5,14426521,28395501,3579461,8077931,1045,10896092,4994349,11167703.59
234.5,14211582,26613391,3912429,6554572,1113,10258617,4702739,10515643.16
235.5,13934825,24935902,4294986,5318281,1209,9697041,4430274,9906394.316
236.5,13593975,23361081,4732331,4319344,1341,9201614,4172765,9330587
237.5,13188636,21886359,5229844,3514794,1516,8764230,3928099,8783496.703
238.5,12720406,20508662,5792928,2868208,1744,8378390,3696022,8264555.635
239.5,12192899,19224511,6426804,2349197,2040,8039090,3478047,7777150.721
240.5,11611655,18030112,7136258,1932728,2425,7742636,3277461,7328626.441
241.5,10983958,16921443,7925334,1598389,2924,7486410,3099328,6930308.399
242.5,10318546,15894319,8796979,1329681,3574,7268620,2950360,6597205.903
243.5,9625248,14944464,9752651,1113347,4423,7088026,2838446,6346959.125
244.5,8914561,14067560,10791910,938794,5534,6943672,2771637,6197568.84
245.5,8197202,13259304,11912002,797591,6992,6834618,2756585,6163911.612
246.5,7483666,12515443,13107485,683038,8913,6759709,2796838,6253919.268
247.5,6783816,11831812,14369907,589830,11449,6717363,2891707,6466053.23
248.5,6106529,11204360,15687592,513761,14802,6705409,3036277,6789321.685
249.5,5459428,10629176,17045555,451502,19241,6720980,3222437,7205588.428
250.5,4848699,10102501,18425595,400418,25123,6760467,3440308,7692761.882
251.5,4279002,9620743,19806573,358418,32914,6819530,3679460,8227522.222
252.5,3753469,9180480,21164890,323844,43228,6893182,3929690,8787053.697
253.5,3273780,8778467,22475170,295380,56860,6975931,4181416,9349930.117
254.5,2840298,8411630,23711111,271979,74841,7061972,4425844,9896488.545
255.5,2452252,8077069,24846481,252810,98492,7145421,4655044,10408993.98
256.5,2107943,7772047,25856178,237211,129496,7220575,4861993,10871747.8
257.5,1804952,7493984,26717319,224660,169973,7282177,5040643,11271219.9
258.5,1540354,7240446,27410254,214742,222577,7325675,5185976,11596194.27
259.5,1310905,7009141,27919457,207134,290585,7347444,5294078,11837918.49
260.5,1113209,6797902,28234211,201586,378009,7344983,5362187,11990214.75
261.5,943857,6604680,28349058,197909,489691,7317039,5388717,12049537.54
262.5,799537,6427534,28263966,195967,631409,7263683,5373248,12014947.8
263.5,677109,6264620,27984224,195669,809954,7186315,5316481,11888013.02
264.5,573665,6114185,27520063,196961,1033190,7087613,5220159,11672630.56
265.5,486556,5974558,26886059,199827,1310073,6971415,5086970,11374811.68
266.5,413410,5844144,26100345,204286,1650613,6842560,4920448,11002455.21
267.5,352130,5721423,25183718,210387,2065779,6706687,4724890,10565175.76
268.5,300883,5604942,24158682,218212,2567310,6570006,4505339,10074244.85
269.5,258085,5493321,23048512,227876,3167440,6439047,4267640,9542733.807
270.5,222379,5385247,21876370,239528,3878516,6320408,4018634,8985938.677
271.5,192610,5279483,20664537,253355,4712518,6220501,3766510,8422173.188
272.5,167804,5174871,19433774,269581,5680469,6145300,3521334,7873942.369
273.5,147143,5070334,18202841,288476,6791767,6100112,3295662,7369325.47
274.5,129944,4964890,16988168,310356,8053449,6089362,3104977,6942939.228
275.5,115639,4857656,15803678,335589,9469434,6116399,2967301,6635087.356
276.5,103761,4747856,14660738,364604,11039768,6183345,2901127,6487117.109
277.5,93922,4634830,13568223,397892,12759947,6290963,2921307,6532240.17
278.5,85806,4518044,12532669,436018,14620359,6438579,3034439,6785211.399
279.5,79158,4397095,11558484,479625,16605892,6624051,3236779,7237656.856
280.5,73768,4271716,10648204,529444,18695783,6843783,3516127,7862299.789
281.5,69471,4141776,9802763,586299,20863724,7092807,3855856,8621955.918
282.5,66138,4007289,9021772,651119,23078272,7364918,4238370,9477283.605
283.5,63670,3868403,8303779,724940,25303552,7652869,4646959,10390916.93
284.5,61994,3725397,7646518,808916,27500256,7948616,5066397,11328808.31
285.5,61064,3578677,7047125,904320,29626892,8243616,5482961,12260272.86
286.5,60856,3428757,6502332,1012548,31641227,8529144,5884307,13157710.78
287.5,61368,3276252,6008625,1135121,33501855,8796644,6259390,13996421.06
288.5,62621,3121857,5562375,1273675,35169789,9038063,6598459,14754603.39
289.5,64658,2966330,5159945,1429957,36610002,9246178,6893135,15413519.03
290.5,67551,2810473,4797768,1605808,37792808,9414882,7136515,15957732.28
291.5,71398,2655111,4472409,1803141,38695004,9539413,7323284,16375361.39
292.5,76334,2501072,4180603,2023910,39300719,9616528,7449810,16658281.27
293.5,82535,2349167,3919283,2270075,39601902,9644592,7514184,16802226.39
294.5,90223,2200173,3685596,2543547,39598452,9623598,7516220,16806779.43
295.5,99684,2054818,3476907,2846136,39297971,9555103,7457386,16675222.08
296.5,111277,1913762,3290799,3179477,38715190,9442101,7340684,16414268.79
297.5,125452,1777594,3125062,3544953,37871105,9288833,7170484,16033689.26
298.5,142774,1646818,2977689,3943607,36791892,9100556,6952315,15545849.78
299.5,163946,1521848,2846855,4376051,35507674,8883275,6692643,14965204.33
300.5,189849,1403010,2730910,4842364,34051221,8643471,6398627,14307764.96
301.5,221577,1290537,2628359,5341998,32456658,8387826,6077896,13590588.07
302.5,260489,1184577,2537847,5873680,30758238,8122966,5738328,12831291.51
303.5,308271,1085193,2458146,6435329,28989250,7855238,5387863,12047628.68
304.5,367000,992372,2388139,7023986,27181092,7590518,5034337,11257120.39
305.5,439235,906033,2326805,7635764,25362534,7334074,4685337,10476731.9
306.5,528107,826034,2273207,8265822,23559181,7090470,4348067,9722572.752
307.5,637423,752182,2226483,8908373,21793139,6863520,4029205,9009575.398
308.5,771786,684242,2185830,9556728,20082861,6656289,3734723,8351094.339
309.5,936711,621945,2150495,10203374,18443153,6471136,3469652,7758376.532
310.5,1138747,565000,2119772,10840097,16885319,6309787,3237777,7239890.259
311.5,1385581,513095,2092986,11458140,15417400,6173441,3041316,6800589.216
312.5,1686125,465912,2069496,12048396,14044500,6062886,2880641,6441308.301
313.5,2050550,423127,2048682,12601635,12769144,5978628,2754208,6158595.476
314.5,2490260,384421,2029946,13108748,11591666,5921008,2658798,5945253.556
315.5,3017775,349477,2012710,13561009,10510597,5890314,2590123,5791691.129
316.5,3646488,317991,1996411,13950334,9523033,5886851,2543703,5687893.483
317.5,4390270,289672,1980506,14269537,8624977,5910992,2515865,5625645.368
318.5,5262903,264242,1964469,14512560,7811648,5963165,2504663,5600596.044
319.5,6277305,241442,1947798,14674673,7077747,6043793,2510579,5613825.132
320.5,7444561,221028,1930014,14752628,6417687,6153183,2536865,5672602.867
321.5,8772757,202775,1910669,14744772,5825774,6291350,2589359,5789982.659
322.5,10265673,186475,1889352,14651100,5296359,6457792,2675624,5982876.425
323.5,11921392,171938,1865688,14473246,4823952,6651243,2803392,6268574.873
324.5,13730927,158990,1839353,14214432,4403304,6869401,2978612,6660380.104
325.5,15677019,147475,1810074,13879347,4029469,7108676,3203697,7163684.559
326.5,17733231,137250,1777634,13473993,3697838,7363989,3476544,7773787.855
327.5,19863529,128188,1741879,13005487,3404162,7628649,3790514,8475847.187
328.5,22022478,120176,1702723,12481830,3144556,7894353,4135115,9246398.527
329.5,24156201,113112,1660146,11911670,2915494,8151325,4496990,10055576.18
330.5,26204131,106906,1614199,11304042,2713804,8388616,4860942,10869397.65
331.5,28101569,101481,1565000,10668123,2536643,8594563,5210895,11651915.37
332.5,29782927,96765,1512734,10012999,2381483,8757382,5530793,12367229.04
333.5,31185447,92701,1457650,9347445,2246088,8865866,5805459,12981401.73
334.5,32253131,89236,1400049,8679741,2128490,8910129,6021416,13464294.48
335.5,32940523,86326,1340285,8017518,2026968,8882324,6167628,13791235.15
336.5,33215986,83936,1278750,7367634,1940027,8777267,6236135,13944422.39
337.5,33064140,82036,1215867,6736090,1866379,8592902,6222503,13913939.39
338.5,32487189,80602,1152080,6127983,1804918,8330554,6126053,13698270.47
339.5,31504986,79618,1087842,5547485,1754713,7994929,5949845,13304257.37
340.5,30153803,79072,1023606,4997853,1714983,7593863,5700402,12746487.28
341.5,28483923,78960,959814,4481468,1685090,7137851,5387206,12046159.62
342.5,26556291,79282,896888,3999890,1664523,6639375,5022004,11229543.11
343.5,24438554,80044,835223,3553930,1652888,6112128,4618002,10326166.42
344.5,22200871,81260,775178,3143730,1649902,5570188,4189012,9366915.304
345.5,19911868,82948,717072,2768858,1655379,5027225,3748636,8382205.231
346.5,17635083,85134,661181,2428392,1669229,4495803,3309552,7400383.683
347.5,15426132,87852,607731,2121015,1691445,3986835,2882950,6446472.44
348.5,13330780,91142,556905,1845104,1722103,3509207,2478160,5541334.026
349.5,11383919,95055,508836,1598803,1761355,3069594,2102476,4701278.535
350.5,9609442,99650,463613,1380107,1809420,2672447,1761180,3938117.886
351.5,8020848,104997,421281,1186918,1866585,2320126,1457747,3259620.375
352.5,6622416,111179,381846,1017106,1933191,2013147,1194204,2670321.918
353.5,5410747,118291,345281,868555,2009633,1750501,971626,2172621.208
354.5,4376483,126446,311525,739202,2096346,1530000,790671,1767994.619
355.5,3506018,135771,280495,627067,2193800,1348630,651967,1457843.253
356.5,2783099,146413,252083,530275,2302487,1202871,555822,1242855.843
357.5,2190200,158542,226167,447070,2422904,1088976,500712,1119625.866
358.5,1709637,172350,202611,375830,2555540,1003194,481335,1076296.927
359.5,1324412,188059,181272,315067,2700858,941934,488876,1093160.497
360.5,1018788,205919,162002,263431,2859267,901881,514025,1149394.367
361.5,778638,226213,144650,219705,3031101,880061,549622,1228991.08
362.5,591612,249261,129067,182802,3216592,873867,591205,1321973.793
363.5,447148,275426,115107,151758,3415830,881054,636345,1422910.444
364.5,336394,305111,102629,125722,3628739,899719,683845,1529122.928
365.5,252060,338768,91499,103951,3855035,928263,733158,1639391.157
366.5,188234,376901,81590,85796,4094190,965342,784043,1753173.424
367.5,140189,420066,72781,70695,4345397,1009825,836365,1870169.754
368.5,104192,468874,64962,58167,4607534,1060746,889993,1990085.649
369.5,77331,523995,58030,47795,4879136,1117258,944745,2112513.332
370.5,57354,586157,51891,39229,5158368,1178600,1000359,2236871.369
371.5,42535,656142,46459,32166,5443012,1244063,1056490,2362384.549
372.5,31565,734787,41657,26354,5730457,1312964,1112702,2488076.728
373.5,23454,822977,37413,21579,6017712,1384627,1168474,2612786.094
374.5,17462,921638,33664,17662,6301424,1458370,1223211,2735182.621
375.5,13034,1031727,30354,14452,6577917,1533497,1276258,2853799.686
376.5,9761,1154215,27431,11826,6843252,1609297,1326916,2967074.048
377.5,7339,1290073,24852,9678,7093296,1685047,1374463,3073392.855
378.5,5542,1440249,22574,7923,7323813,1760020,1418182,3171151.273
379.5,4207,1605642,20564,6491,7530571,1833495,1457387,3258816.846
380.5,3213,1787074,18789,5321,7709456,1904771,1491459,3335003.065
381.5,2469,1985258,17223,4367,7856598,1973183,1519876,3398545.553
382.5,1910,2200759,15840,3588,7968495,2038118,1542253,3448582.575
383.5,1489,2433957,14619,2952,8042138,2099031,1558376,3484634.1
384.5,1170,2685010,13543,2433,8075125,2155456,1568234,3506677.773
385.5,927,2953807,12593,2009,8065762,2207020,1572052,3515216.151
386.5,742,3239938,11756,1663,8013139,2253447,1570312,3511324.749
387.5,599,3542649,11020,1379,7917183,2294566,1563763,3496680.807
388.5,488,3860819,10374,1147,7778684,2330302,1553422,3473557.647
389.5,402,4192930,9807,956,7599286,2360676,1540551,3444776.711
390.5,335,4537057,9313,800,7381445,2385790,1526610,3413602.729
391.5,282,4890860,8884,671,7128364,2405812,1513184,3383581.778
392.5,240,5251590,8513,565,6843892,2420960,1501880,3358306.548
393.5,207,5616117,8196,478,6532408,2431481,1494200,3341133.331
394.5,181,5980961,7929,405,6198679,2437631,1491398,3334867.105
395.5,159,6342341,7707,345,5847722,2439655,1494350,3341467.633
396.5,142,6696242,7528,296,5484645,2437771,1503453,3361823.054
397.5,129,7038491,7389,254,5114509,2432154,1518581,3395649.327
398.5,118,7364844,7289,220,4742189,2422932,1539096,3441523.626
399.5,110,7671079,7226,191,4372258,2410172,1563929,3497051.639
400.5,103,7953101,7199,166,4008881,2393890,1591689,3559123.754
401.5,98,8207042,7207,146,3655744,2374048,1620795,3624208.509
402.5,95,8429360,7252,129,3315998,2350567,1649609,3688637.416
403.5,93,8616929,7333,114,2992230,2323340,1676535,3748847.17
404.5,92,8767129,7451,102,2686457,2292246,1700113,3801568.572
405.5,92,8877910,7609,92,2400137,2257168,1719069,3843955.144
406.5,94,8947844,7808,83,2134202,2218006,1732355,3873662.153
407.5,96,8976166,8050,75,1889104,2174698,1739163,3888887.164
408.5,101,8962780,8339,69,1664862,2127230,1738932,3888371.084
409.5,106,8908262,8679,63,1461130,2075648,1731337,3871386.54
410.5,113,8813830,9074,59,1277255,2020066,1716271,3837698.682
411.5,122,8681303,9531,55,1112341,1960670,1693831,3787521.388
412.5,134,8513043,10054,52,965312,1897719,1664289,3721462.833
413.5,148,8311877,10652,49,834962,1831538,1628065,3640464.407
414.5,165,8081025,11333,47,720009,1762516,1585705,3545743.813
415.5,186,7824002,12107,45,619140,1691096,1537847,3438730.138
416.5,213,7544528,12986,43,531038,1617762,1485199,3321005.488
417.5,245,7246441,13982,42,454423,1543027,1428512,3194250.599
418.5,285,6933603,15110,41,388064,1467421,1368559,3060190.212
419.5,335,6609821,16388,41,330803,1391478,1306108,2920547.183
420.5,396,6278775,17836,41,281560,1315722,1241914,2777003.474
421.5,473,5943950,19475,41,239345,1240657,1176692,2631162.322
422.5,570,5608588,21331,41,203257,1166757,1111112,2484522.789
423.5,691,5275646,23434,42,172484,1094459,1045790,2338457.514
424.5,845,4947767,25817,43,146302,1024155,981275,2194197.149
425.5,1039,4627264,28517,45,124070,956187,918050,2052821.954
426.5,1285,4316108,31578,46,105222,890848,856528,1915255.188
427.5,1600,4015938,35049,49,89267,828381,797053,1782265.799
428.5,2002,3728063,38985,51,75776,768975,739902,1654471.498
429.5,2516,3453485,43448,54,64377,712776,685286,1532346.972
430.5,3177,3192917,48508,58,54752,659883,633358,1416232.322
431.5,4026,2946810,54245,63,46629,610354,584216,1306345.904
432.5,5120,2715379,60747,68,39773,564217,537907,1202796.226
433.5,6530,2498636,68114,74,33986,521468,494438,1105596.524
434.5,8350,2296415,76455,81,29101,482080,453777,1014676.827
435.5,10697,2108404,85895,90,24974,446012,415864,929899.187
436.5,13725,1934169,96567,99,21485,413209,380610,851069.402
437.5,17630,1773183,108624,111,18533,383616,347910,777949.9472
438.5,22661,1624846,122228,125,16032,357178,317644,710273.314
439.5,29133,1488508,137559,141,13911,333850,289684,647753.8815
440.5,37444,1363485,154812,160,12110,313602,263901,590100.655
441.5,48095,1249078,174198,182,10578,296426,240169,537034.3074
442.5,61708,1144582,195943,209,9273,282343,218377,488305.1493
443.5,79055,1049302,220287,240,8159,271409,198439,443724.0778
444.5,101087,962557,247486,278,7207,263723,180317,403201.8088
445.5,128960,883691,277805,323,6391,259434,164047,366819.789
446.5,164078,812074,311522,376,5691,258748,149785,334929.5082
447.5,208118,747109,348922,440,5089,261936,137878,308304.3629
448.5,263072,688233,390294,517,4571,269337,128940,288317.9374
449.5,331276,634921,435926,609,4123,281371,123909,277069.086
450.5,415435,586681,486105,720,3736,298535,123991,277252.7984
451.5,518639,543058,541102,853,3401,321411,130418,291623.9889
452.5,644369,503635,601176,1014,3110,350661,144130,322284.0057
453.5,796473,468026,666559,1208,2857,387025,165648,370401.098
454.5,979132,435878,737453,1442,2637,431308,195243,436577.7093
455.5,1196783,406870,814020,1726,2446,484369,233174,521393.2363
456.5,1454012,380711,896373,2068,2279,547089,279826,625710.817
457.5,1755412,357134,984569,2482,2134,620346,335727,750708.9607
458.5,2105391,335901,1078598,2983,2008,704976,401493,897765.2961
459.5,2507943,316795,1178377,3589,1898,801720,477752,1068286.947
460.5,2966383,299622,1283741,4323,1803,911174,565067,1263528.829
461.5,3483049,284207,1394435,5209,1720,1033724,663851,1484415.413
462.5,4058981,270393,1510114,6281,1649,1169484,774289,1731362.624
463.5,4693608,258041,1630331,7575,1588,1318229,896269,2004117.454
464.5,5384440,247026,1754541,9136,1537,1479336,1029309,2301604.924
465.5,6126808,237237,1882098,11017,1494,1651731,1172506,2621802.861
466.5,6913668,228576,2012260,13282,1459,1833849,1324489,2961646.935
467.5,7735495,220956,2144191,16004,1431,2023615,1483399,3316979.847
468.5,8580298,214302,2276970,19271,1409,2218450,1646888,3682553.558
469.5,9433760,208546,2409602,23184,1394,2415297,1812150,4052090.127
470.5,10279527,203632,2541028,27862,1385,2610687,1975972,4418407.943
471.5,11099651,199509,2670143,33445,1382,2800826,2134827,4773617.833
472.5,11875159,196136,2795808,40091,1384,2981716,2284982,5109375.759
473.5,12586747,193478,2916876,47984,1391,3149295,2422641,5417190.289
474.5,13215562,191506,3032205,57335,1404,3299602,2544096,5688770.297
475.5,13744025,190197,3140680,68383,1422,3428942,2645891,5916391.459
476.5,14156641,189536,3241237,81400,1446,3534052,2724986,6093255.204
477.5,14440764,189510,3332880,96693,1476,3612264,2778909,6213830.181
478.5,14587243,190113,3414698,114602,1511,3661634,2805880,6274139.46
479.5,14590912,191345,3485889,135511,1552,3681042,2804913,6271976.762
480.5,14450887,193210,3545770,159842,1599,3670262,2775873,6207040.379
481.5,14170644,195717,3593790,188056,1653,3629972,2719491,6080967.589
482.5,13757875,198878,3629541,220661,1714,3561734,2637340,5897270.571
483.5,13224122,202714,3652767,258203,1782,3467918,2531754,5661175.054
484.5,12584223,207248,3663363,301270,1858,3351593,2405730,5379376.305
485.5,11855603,212509,3661375,350488,1943,3216384,2262779,5059727.704
486.5,11057459,218529,3647001,406517,2036,3066309,2106772,4710886.195
487.5,10209898,225349,3620579,470047,2140,2905603,1941774,4341938.163
488.5,9333075,233013,3582581,541792,2253,2738543,1771877,3962036.438
489.5,8446394,241571,3533596,622482,2378,2569284,1601056,3580070.245
490.5,7567806,251079,3474324,712854,2516,2401716,1433050,3204396.543
491.5,6713243,261600,3405552,813641,2666,2239341,1271272,2842650.269
492.5,5896210,273201,3328142,925562,2831,2085189,1118773,2501652.621
493.5,5127539,285958,3243010,1049307,3012,1941765,978247,2187426.332
494.5,4415299,299952,3151112,1185525,3210,1811020,852082,1905312.518
495.5,3764860,315273,3053425,1334807,3426,1694358,742443,1660153.986
496.5,3179071,332015,2950929,1497675,3663,1592671,651335,1456430.051
497.5,2658529,350282,2844595,1674563,3922,1506378,580538,1298123.15
498.5,2201925,370185,2735367,1865803,4205,1435497,531306,1188036.573
499.5,1806406,391841,2624154,2071612,4514,1379705,503810,1126553.142
500.5,1467961,415377,2511816,2292077,4852,1338417,496665,1110575.606
501.5,1181780,440923,2399158,2527146,5221,1310846,507045,1133786.73
502.5,942585,468621,2286921,2776616,5624,1296074,531445,1188347.228
503.5,744916,498616,2175780,3040124,6064,1293100,566542,1266825.662
504.5,583364,531061,2066337,3317147,6545,1300891,609673,1363269.107
505.5,452754,566114,1959124,3606994,7069,1318411,658903,1473351.278
506.5,348276,603936,1854600,3908811,7642,1344653,712881,1594049.827
507.5,265565,644693,1753153,4221580,8267,1378652,770652,1723231.278
508.5,200749,688553,1655103,4544132,8949,1419497,831508,1859309.385
509.5,150462,735684,1560706,4875153,9694,1466340,894878,2001007.351
510.5,111827,786252,1470156,5213196,10506,1518387,960262,2147212.005
511.5,82425,840419,1383593,5556699,11392,1574906,1027201,2296890.446
512.5,60261,898341,1301104,5904000,12358,1635213,1095246,2449044.904
513.5,43704,960165,1222731,6253361,13412,1698675,1163961,2602696.902
514.5,31448,1026024,1148476,6602984,14561,1764699,1232914,2756878.458
515.5,22454,1096037,1078305,6951037,15814,1832729,1301676,2910636.664
516.5,15911,1170301,1012155,7295674,17180,1902244,1369832,3063037.896
517.5,11191,1248890,949936,7635060,18668,1972749,1436976,3213177.029
518.5,7814,1331850,891538,7967394,20290,2043777,1502720,3360185.192
519.5,5417,1419193,836834,8290927,22057,2114886,1566695,3503237.102
520.5,3730,1510894,785685,8603986,23981,2185655,1628555,3641559.502
521.5,2550,1606885,737941,8904992,26077,2255689,1687980,3774438.403
522.5,1732,1707052,693447,9192474,28358,2324613,1744680,3901222.949
523.5,1169,1811229,652044,9465086,30841,2392074,1798394,4021331.622
524.5,784,1919194,613570,9721618,33544,2457742,1848895,4134255.598
525.5,523,2030666,577866,9961004,36484,2521308,1895989,4239560.127
526.5,346,2145300,544773,10182333,39682,2582487,1939515,4336887.693
527.5,228,2262688,514138,10384848,43160,2641013,1979347,4425954.507
528.5,149,2382353,485811,10567951,46941,2696641,2015391,4506552.079
529.5,97,2503752,459647,10731199,51050,2749149,2047586,4578541.973
530.5,63,2626274,435509,10874305,55515,2798333,2075900,4641853.91
531.5,41,2749241,413265,10997133,60366,2844009,2100330,4696481.413
532.5,26,2871917,392790,11099685,65633,2886010,2120899,4742473.818
533.5,17,2993505,373967,11182102,71351,2924188,2137651,4779932.808
534.5,11,3113157,356687,11244647,77556,2958412,2150652,4809003.983
535.5,7,3229983,340846,11287697,84289,2988564,2159984,4829870.301
536.5,4,3343057,326347,11311735,91591,3014547,2165742,4842747.362
537.5,3,3451428,313103,11317333,99507,3036275,2168035,4847873.072
538.5,2,3554136,301031,11305145,108086,3053680,2166976,4845505.152
539.5,1,3650219,290054,11275890,117380,3066709,2162686,4835912.249
540.5,0,3738731,280104,11230347,127445,3075326,2155289,4819371.643
541.5,0,3818758,271117,11169338,138340,3079510,2144909,4796163.538
542.5,0,3889427,263035,11093717,150127,3079261,2131674,4766567.872
543.5,0,3949928,255806,11004367,162876,3074595,2115707,4730864.224
544.5,0,3999524,249382,10902180,176657,3065549,2097131,4689327.749
545.5,0,4037569,243721,10788059,191546,3052179,2076069,4642232.409
546.5,0,4063518,238786,10662900,207625,3034566,2052642,4589847.325
547.5,0,4076939,234544,10527594,224979,3012811,2026970,4532442.411
548.5,0,4077526,230966,10383012,243698,2987040,1999173,4470286.309
549.5,0,4065102,228027,10230008,263877,2957403,1969373,4403651.574
550.5,0,4039629,225706,10069409,285617,2924072,1937694,4332814.593
551.5,0,4001208,223987,9902013,309024,2887246,1904262,4258058.068
552.5,0,3950082,222855,9728586,334207,2847146,1869207,4179673.741
553.5,0,3886631,222302,9549859,361282,2804015,1832664,4097961.546
554.5,0,3811367,222320,9366528,390370,2758117,1794772,4013232.275
555.5,0,3724930,222907,9179250,421593,2709736,1755674,3925806.169
556.5,0,3628073,224061,8988645,455083,2659172,1715517,3836012.488
557.5,0,3521653,225787,8795296,490971,2606741,1674452,3744188.839
558.5,0,3406614,228091,8599746,529396,2552769,1632633,3650677.259
559.5,0,3283976,230981,8402504,570496,2497591,1590213,3555825.352
560.5,0,3154812,234472,8204040,614415,2441548,1547350,3459978.89
561.5,0,3020234,238578,8004791,661296,2384980,1504196,3363483.351
562.5,0,2881376,243318,7805161,711285,2328228,1460903,3266679.04
563.5,0,2739374,248714,7605520,764528,2271627,1417621,3169898.083
564.5,0,2595349,254792,7406209,821168,2215504,1374495,3073463.967
565.5,0,2450392,261579,7207541,881348,2160172,1331663,2977689.992
566.5,0,2305551,269108,7009802,945205,2105933,1289262,2882878.244
567.5,0,2161812,277413,6813252,1012873,2053070,1247422,2789319.877
568.5,0,2020093,286532,6618130,1084477,2001846,1206268,2697298.015
569.5,0,1881234,296507,6424652,1160134,1952505,1165925,2607088.189
570.5,0,1745988,307381,6233015,1239952,1905267,1126514,2518963.011
571.5,0,1615014,319205,6043398,1324022,1860328,1088158,2433195.331
572.5,0,1488880,332027,5855964,1412425,1817859,1050981,2350064.041
573.5,0,1368057,345903,5670860,1505219,1778008,1015111,2269857.239
574.5,0,1252920,360891,5488223,1602447,1740896,980685,2192879.444
575.5,0,1143753,377050,5308173,1704125,1706620,947848,2119452.624
576.5,0,1040754,394443,5130822,1810248,1675253,916753,2049921.743
577.5,0,944034,413137,4956273,1920781,1646845,887565,1984655.625
578.5,0,853632,433199,4784616,2035657,1621421,860458,1924043.373
579.5,0,769514,454699,4615939,2154780,1598986,835616,1868494.39
580.5,0,691588,477707,4450317,2278015,1579525,813224,1818424.403
581.5,0,619705,502297,4287821,2405190,1563003,793467,1774246.234
582.5,0,553674,528540,4128516,2536095,1549365,776520,1736351.932
583.5,0,493263,556509,3972462,2670475,1538542,762540,1705091.447
584.5,0,438213,586274,3819712,2808034,1530447,751654,1680748.982
585.5,0,388242,617905,3670314,2948429,1524978,743949,1663519.414
586.5,0,343050,651468,3524314,3091274,1522021,739463,1653489.893
587.5,0,302329,687024,3381751,3236134,1521448,738180,1650620.633
588.5,0,265766,724631,3242660,3382531,1523118,740022,1654739.056
589.5,0,233051,764339,3107072,3529939,1526880,744852,1665538.72
590.5,0,203876,806189,2975012,3677791,1532574,752477,1682590.263
591.5,0,177942,850215,2846503,3825475,1540027,762658,1705355.638
592.5,0,154961,896438,2721561,3972343,1549061,775115,1733210.422
593.5,0,134660,944868,2600200,4117708,1559487,789540,1765464.983
594.5,0,116777,995499,2482427,4260855,1571112,805606,1801390.156
595.5,0,101070,1048311,2368245,4401038,1583733,822978,1840233.888
596.5,0,87311,1103265,2257651,4537494,1597144,841318,1881243.52
597.5,0,75290,1160303,2150639,4669440,1611135,860294,1923676.128
598.5,0,64815,1219346,2047196,4796089,1625489,879585,1966812.848
599.5,0,55708,1280293,1947306,4916650,1639991,898884,2009965.327
600.5,0,47809,1343020,1850945,5030339,1654423,917898,2052481.764
601.5,0,40973,1407377,1758085,5136387,1668565,936354,2093751.854
602.5,0,35069,1473189,1668694,5234050,1682200,954001,2133210.245
603.5,0,29980,1540256,1582733,5322612,1695116,970604,2170336.088
604.5,0,25601,1608348,1500159,5401400,1707102,985953,2204657.475
605.5,0,21841,1677211,1420924,5469789,1717953,999858,2235750.318
606.5,0,18617,1746566,1344975,5527211,1727474,1012152,2263240.482
607.5,0,15857,1816106,1272255,5573161,1735476,1022689,2286802.763
608.5,0,13497,1885502,1202702,5607208,1741782,1031348,2306163.178
609.5,0,11483,1954401,1136249,5628998,1746226,1038026,2321097.03
610.5,0,9765,2022432,1072828,5638259,1748657,1042647,2331429.175
611.5,0,8301,2089205,1012365,5634811,1748937,1045154,2337035.07
612.5,0,7056,2154318,954784,5618563,1746944,1045513,2337837.051
613.5,0,5997,2217358,900005,5589519,1742576,1043710,2333805.477
614.5,0,5097,2277904,847948,5547779,1735746,1039752,2324955.716
615.5,0,4333,2335535,798527,5493539,1726387,1033666,2311347.102
616.5,0,3685,2389831,751658,5427087,1714452,1025496,2293078.559
617.5,0,3135,2440382,707255,5348805,1699915,1015304,2270288.355
618.5,0,2668,2486790,665228,5259161,1682769,1003167,2243149.018
619.5,0,2272,2528673,625490,5158706,1663028,989176,2211863.675
620.5,0,1937,2565675,587952,5048068,1640727,973434,2176663.413
621.5,0,1653,2597466,552525,4927944,1615918,956054,2137802.601
622.5,0,1411,2623751,519122,4799090,1588675,937160,2095553.965
623.5,0,1207,2644269,487654,4662318,1559090,916880,2050205.7
624.5,0,1033,2658805,458035,4518480,1527270,895347,2002056.77
625.5,0,885,2667184,430179,4368462,1493342,872698,1951411.915
626.5,0,760,2669283,404004,4213174,1457444,849070,1898578.989
627.5,0,654,2665027,379427,4053539,1419729,824602,1843865.15
628.5,0,563,2654393,356367,3890481,1380361,799427,1787572.563
629.5,0,486,2637411,334748,3724919,1339513,773678,1729995.816
630.5,0,420,2614164,314492,3557757,1297367,747482,1671421.043
631.5,0,364,2584785,295528,3389870,1254109,720962,1612119.498
632.5,0,316,2549459,277783,3222105,1209933,694233,1552351.509
633.5,0,275,2508418,261191,3055266,1165030,667404,1492360.337
634.5,0,240,2461940,245684,2890110,1119595,640577,1432374.12
635.5,0,210,2410343,231201,2727342,1073819,613847,1372603.67
636.5,0,184,2353982,217681,2567613,1027892,587301,1313244.361
637.5,0,162,2293245,205067,2411511,981997,561018,1254473.983
638.5,0,143,2228548,193303,2259561,936311,535071,1196454.839
639.5,0,126,2160326,182338,2112226,891003,509525,1139333.221
640.5,0,112,2089034,172122,1969903,846234,484440,1083241.117
641.5,0,100,2015135,162608,1832925,802154,459868,1028296.225
642.5,0,89,1939098,153753,1701561,758900,435856,974602.9083
643.5,0,80,1861391,145513,1576020,716601,412444,922253.4904
644.5,0,72,1782477,137849,1456452,675370,389670,871328.8488
645.5,0,65,1702808,130726,1342949,635310,367564,821897.9489
646.5,0,58,1622822,124106,1235555,596508,346153,774021.8894
647.5,0,53,1542935,117958,1134263,559042,325459,727749.3369
648.5,0,48,1463542,112252,1039023,522973,305501,683121.6401
649.5,0,44,1385014,106958,949746,488352,286294,640172.033
650.5,0,41,1307690,102049,866308,455218,267847,598924.3212
651.5,0,38,1231881,97501,788554,423595,250169,559395.1829
652.5,0,35,1157865,93291,716303,393499,233264,521593.2395
653.5,0,32,1085889,89396,649354,364934,217131,485520.9398
654.5,0,30,1016165,85798,587488,337896,201770,451172.2357
655.5,0,28,948875,82476,530471,312370,187175,418536.2751
656.5,0,27,884166,79415,478063,288334,173337,387594.3227
657.5,0,25,822156,76598,430013,265758,160247,358322.9294
658.5,0,24,762933,74010,386071,244608,147890,330692.7087
659.5,0,23,706555,71640,345983,224840,136252,304668.2281
660.5,0,22,653056,69473,309501,206410,125314,280211.1883
661.5,0,21,602445,67499,276377,189268,115058,257277.9156
662.5,0,20,554708,65708,246373,173362,105462,235821.2212
663.5,0,19,509812,64091,219254,158635,96504,215790.7639
664.5,0,19,467706,62639,194798,145032,88161,197133.7253
665.5,0,19,428324,61346,172790,132496,80407,179795.3559
666.5,0,18,391587,60203,153027,120967,73218,163720.0105
667.5,0,18,357405,59207,135316,110389,66568,148850.0468
668.5,0,18,325679,58352,119475,100705,60431,135128.4196
669.5,0,18,296304,57633,105334,91858,54783,122498.5693
670.5,0,18,269168,57047,92736,83794,49598,110903.938
671.5,0,18,244158,56592,81531,76460,44851,100290.3069
672.5,0,18,221157,56266,71584,69805,40520,90604.71933
673.5,0,18,200049,56066,62769,63780,36581,81797.38584
674.5,0,18,180716,55993,54970,58340,33014,73820.32574
675.5,0,19,163045,56047,48081,53438,29798,66630.33878
676.5,0,19,146924,56228,42006,49035,26917,60188.04261
677.5,0,20,132243,56538,36657,45091,24354,54456.93388
678.5,0,20,118897,56978,31954,41570,22095,49405.98711
679.5,0,21,106785,57553,27825,38437,20128,45007.43585
680.5,0,22,95811,58265,24205,35661,18442,41237.2662
681.5,0,23,85884,59120,21036,33212,17027,38073.50026
682.5,0,24,76917,60122,18264,31065,15873,35493.51581
683.5,0,25,68829,61278,15843,29195,14969,33472.69661
684.5,0,27,61543,62595,13732,27579,14302,31980.95881
685.5,0,28,54988,64080,11892,26198,13856,30982.96211
686.5,0,30,49099,65745,10291,25033,13612,30437.50549
687.5,0,32,43813,67598,8899,24068,13550,30297.78212
688.5,0,34,39075,69651,7690,23290,13648,30516.93867
689.5,0,37,34832,71917,6640,22685,13886,31049.64809
690.5,0,40,31035,74409,5731,22243,14246,31854.98871
691.5,0,43,27642,77145,4943,21954,14714,32900.775
692.5,0,46,24611,80140,4261,21812,15277,34159.73392
693.5,0,50,21907,83413,3672,21808,15927,35612.84792
694.5,0,55,19495,86985,3162,21939,16658,37248.3562
695.5,0,60,17345,90879,2722,22201,17468,39060.17199
696.5,0,66,15431,95118,2342,22592,18356,41046.2612
697.5,0,73,13727,99730,2015,23109,19324,43210.06705
698.5,0,80,12212,104743,1733,23753,20374,45557.85091
699.5,0,89,10864,110188,1490,24526,21511,48098.79788
700.5,0,98,9665,116100,1280,25429,22739,50845.84973
701.5,0,109,8600,122516,1100,26465,24066,53813.03516
702.5,0,121,7654,129474,945,27639,25498,57016.42687
703.5,0,135,6814,137018,812,28956,27045,60474.88884
704.5,0,151,6068,145193,697,30422,28715,64208.46305
705.5,0,170,5405,154049,599,32044,30518,68239.31085
706.5,0,190,4817,163638,514,33832,32464,72591.22773
707.5,0,214,4294,174016,442,35793,34565,77289.20044
708.5,0,241,3831,185244,379,37939,36833,82361.06364
709.5,0,271,3419,197385,326,40280,39281,87835.40707
710.5,0,306,3053,210505,280,42829,41923,93742.08943
711.5,0,346,2728,224676,240,45598,44772,100113.7306
712.5,0,392,2439,239973,206,48602,47845,106984.1268
713.5,0,444,2183,256473,177,51855,51156,114388.0251
714.5,0,504,1955,274258,152,55374,54722,122362.4341
715.5,0,573,1752,293411,131,59173,58560,130944.6196
716.5,0,651,1571,314020,112,63271,62688,140174.4396
717.5,0,740,1411,336174,97,67684,67123,150091.319
718.5,0,843,1268,359964,83,72431,71883,160736.3705
719.5,0,960,1140,385480,71,77530,76988,172149.9325
720.5,0,1094,1027,412814,61,82999,82454,184372.8002
721.5,0,1247,925,442057,53,88856,88300,197445.8822
722.5,0,1423,835,473297,45,95120,94545,211408.1966
723.5,0,1623,754,506619,39,101807,101203,226297.7514
724.5,0,1852,682,542102,34,108934,108293,242149.4336
725.5,0,2113,617,579822,29,116516,115827,258997.2363
726.5,0,2411,560,619841,25,124567,123819,276868.1124
727.5,0,2751,508,662217,22,133099,132280,295787.7888
728.5,0,3139,462,706990,19,142122,141218,315773.4998
729.5,0,3580,420,754189,16,151641,150639,336837.8974
730.5,0,4081,383,803825,14,161661,160543,358984.9175
731.5,0,4652,349,855890,12,172181,170930,382210.2367
732.5,0,5299,319,910353,10,183196,181792,406499.2397
733.5,0,6033,292,967159,9,194698,193119,431826.1483
734.5,0,6864,267,1026227,8,206673,204893,458153.8997
735.5,0,7804,245,1087447,7,219100,217092,485431.9148
736.5,0,8866,225,1150675,6,231954,229687,513594.537
737.5,0,10064,207,1215738,5,245203,242642,542562.9332
738.5,0,11413,191,1282425,4,258807,255914,572241.1844
739.5,0,12930,176,1350490,4,272720,269454,602517.5234
740.5,0,14634,163,1419650,3,286890,283204,633263.5594
741.5,0,16543,151,1489585,3,301256,297099,664334.267
742.5,0,18679,140,1559938,2,315752,311067,695568.0219
743.5,0,21065,130,1630316,2,330303,325029,726786.5872
744.5,0,23724,121,1700293,2,344828,338897,757797.3642
745.5,0,26681,113,1769412,2,359241,352580,788393.6324
746.5,0,29964,105,1837187,1,373452,365980,818355.6966
747.5,0,33601,98,1903109,1,387362,378992,847453.1082
748.5,0,37621,92,1966650,1,400873,391512,875447.3944
749.5,0,42053,86,2027271,0,413882,403429,902095.4246
750.5,0,46930,81,2084424,0,426287,414634,927149.2344
751.5,0,52282,76,2137566,0,437985,425016,950364.1924
752.5,0,58141,72,2186160,0,448875,434467,971498.0564
753.5,0,64538,68,2229687,0,458859,442883,990317.2727
754.5,0,71506,64,2267655,0,467845,450165,1006600.416
755.5,1,79073,61,2299604,0,475748,456221,1020141.075
756.5,1,87269,58,2325119,0,482489,460967,1030753.867
757.5,2,96120,55,2343835,0,488002,464331,1038276.198
758.5,2,105651,52,2355444,0,492230,466253,1042572.263
759.5,3,115882,50,2359707,0,495128,466684,1043537.865
760.5,4,126830,47,2356453,0,496667,465595,1041101.225
761.5,6,138508,45,2345588,0,496830,462967,1035225.853
762.5,8,150924,43,2327098,0,495615,458802,1025913.495
763.5,10,164079,42,2301051,0,493036,453119,1013204.467
764.5,13,177969,40,2267596,0,489124,445951,997177.9061
765.5,18,192580,39,2226965,0,483920,437354,977952.632
766.5,23,207894,37,2179468,0,477485,427396,955686.1303
767.5,31,223882,36,2125491,0,469888,416165,930572.6034
768.5,40,240508,35,2065486,0,461214,403763,902840.7488
769.5,52,257724,34,1999970,0,451556,390307,872752.4791
770.5,67,275476,33,1929514,0,441018,375927,840599.0315
771.5,87,293698,32,1854731,0,429710,360765,806696.0246
772.5,113,312316,31,1776270,0,417746,344972,771381.5217
773.5,145,331245,30,1694806,0,405245,328707,735012.2939
774.5,186,350393,30,1611024,0,392326,312136,697956.448
775.5,238,369655,29,1525613,0,379107,295426,660592.4074
776.5,303,388924,28,1439255,0,365702,278750,623303.1288
777.5,385,408081,28,1352611,0,352221,262277,586470.077
778.5,488,427003,27,1266317,0,338767,246178,550471.4216
779.5,616,445561,27,1180970,0,325435,230616,515673.3657
780.5,775,463623,27,1097127,0,312310,215748,482427.6142
781.5,973,481054,26,1015292,0,299469,201721,451060.7869
782.5,1217,497719,26,935918,0,286976,188665,421868.482
783.5,1517,513483,26,859396,0,274884,176695,395101.6993
784.5,1886,528216,25,786060,0,263238,165897,370956.9989
785.5,2337,541789,25,716183,0,252067,156328,349560.622
786.5,2886,554083,25,649977,0,241394,148009,330957.1732
787.5,3552,564985,25,587595,0,231231,140916,315098.6948
788.5,4357,574391,25,529134,0,221581,134988,301842.3474
789.5,5328,582210,25,474639,0,212441,130120,290957.2283
790.5,6494,588365,25,424107,0,203798,126177,282140.8167
791.5,7888,592789,25,377491,0,195639,123002,275040.0724
792.5,9549,595435,25,334704,0,187943,120426,269280.8415
793.5,11522,596269,25,295627,0,180689,118284,264491.4695
794.5,13855,595274,25,260116,0,173854,116421,260325.4519
795.5,16605,592452,25,227999,0,167416,114699,256475.0099
796.5,19833,587821,26,199093,0,161354,113002,252679.8194
797.5,23609,581415,26,173198,0,155650,111235,248728.9414
798.5,28007,573288,26,150108,0,150286,109327,244462.0763
799.5,33112,563505,27,129615,0,145252,107225,239762.3362
800.5,39013,552151,27,111508,0,140540,104897,234557.8814
801.5,45808,539321,27,95581,0,136147,102328,228812.5158
802.5,53602,525125,28,81633,0,132077,99517,222525.7993
803.5,62505,509681,28,69471,0,128337,96477,215728.9327
804.5,72636,493118,29,58912,0,124939,93237,208484.5356
805.5,84116,475573,29,49783,0,121900,89840,200888.7963
806.5,97072,457185,30,41923,0,119242,86344,193070.8182
807.5,111635,438100,30,35183,0,116990,82825,185201.9135
808.5,127935,418463,31,29428,0,115172,79380,177498.1675
809.5,146105,398419,32,24533,0,113818,76129,170230.5655
810.5,166271,378111,33,20385,0,112960,73222,163729.7431
811.5,188559,357678,33,16883,0,112631,70833,158386.2562
812.5,213086,337254,34,13939,0,112863,69156,154636.9687
813.5,239957,316964,35,11473,0,113686,68394,152933.6985
814.5,269269,296926,36,9414,0,115129,68733,153692.9043
815.5,301097,277250,37,7701,0,117217,70316,157231.6342
816.5,335503,258033,39,6282,0,119971,73218,163720.0912
817.5,372522,239365,40,5110,0,123407,77443,173167.1342
818.5,412167,221321,41,4144,0,127535,82933,185442.9996
819.5,454420,203969,43,3352,0,132357,89588,200325.0575
820.5,499235,187361,44,2704,0,137869,97290,217547.7034
821.5,546531,171541,46,2176,0,144059,105916,236834.5923
822.5,596190,156541,47,1746,0,150905,115345,257919.2501
823.5,648059,142384,49,1398,0,158378,125467,280551.9886
824.5,701947,129082,51,1117,0,166439,136177,304500.671
825.5,757621,116638,53,890,0,175040,147377,329544.7957
826.5,814813,105047,55,707,0,184124,158973,355473.8481
827.5,873215,94296,57,561,0,193626,170872,382080.4031
828.5,932486,84367,60,444,0,203471,182981,409159.2228
829.5,992248,75235,62,351,0,213579,195210,436502.0482
830.5,1052095,66870,65,277,0,223861,207462,463898.1394
831.5,1111596,59240,68,218,0,234224,219642,491133.8283
832.5,1170296,52307,71,171,0,244569,231653,517991.0244
833.5,1227727,46033,74,134,0,254794,243396,544250.3454
834.5,1283409,40379,78,105,0,264794,254773,569690.552
835.5,1336861,35302,82,82,0,274465,265687,594093.2795
836.5,1387604,30762,86,64,0,283703,276039,617242.5869
837.5,1435169,26717,90,50,0,292405,285738,638928.7641
838.5,1479108,23128,94,39,0,300474,294692,658952.3632
839.5,1518995,19955,99,30,0,307816,302819,677124.6542
840.5,1554438,17161,104,24,0,314345,310041,693272.4671
841.5,1585082,14710,110,18,0,319984,316287,707239.8006
842.5,1610616,12567,115,14,0,324663,321498,718890.3728
843.5,1630780,10701,122,11,0,328323,325621,728110.3333
844.5,1645367,9082,128,9,0,330917,328617,734810.1962
845.5,1654227,7683,135,7,0,332410,330458,738925.342
846.5,1657272,6478,143,5,0,332780,331125,740418.9956
847.5,1654474,5444,151,4,0,332015,330616,739280.9688
848.5,1645867,4560,160,3,0,330118,328938,735528.6417
849.5,1631546,3807,169,2,0,327105,326111,729206.6101
850.5,1611668,3168,179,2,0,323003,322167,720386.6719
851.5,1586443,2628,189,1,0,317852,317148,709164.6898
852.5,1556137,2173,200,1,0,311702,311109,695660.8041
853.5,1521062,1790,212,0,0,304613,304112,680016.1886
854.5,1481575,1471,225,0,0,296654,296230,662391.1464
855.5,1438068,1204,239,0,0,287902,287541,642962.4203
856.5,1390965,983,254,0,0,278440,278131,621920.2884
857.5,1340712,799,270,0,0,268356,268089,599465.205
858.5,1287773,648,287,0,0,257742,257508,575805.1189
859.5,1232621,524,305,0,0,246690,246483,551152.2287
860.5,1175731,422,324,0,0,235295,235109,525719.5167
861.5,1117575,339,345,0,0,223652,223481,499718.2897
862.5,1058614,271,368,0,0,211851,211691,473355.159
863.5,999293,216,392,0,0,199980,199828,446829.4692
864.5,940036,172,418,0,0,188125,187978,420330.9503
865.5,881242,136,446,0,0,176365,176219,394038.3759
866.5,823277,108,476,0,0,164772,164626,368115.426
867.5,766479,85,508,0,0,153414,153266,342713.5947
868.5,711147,67,543,0,0,142351,142199,317966.4878
869.5,657547,52,580,0,0,131636,131478,293993.4001
870.5,605904,41,620,0,0,121313,121148,270894.7321
871.5,556407,32,663,0,0,111420,111247,248755.2324
872.5,509210,24,710,0,0,101989,101805,227643.7744
873.5,464428,19,760,0,0,93041,92847,207611.6775
874.5,422143,15,814,0,0,84594,84387,188695.7291
875.5,382404,11,872,0,0,76657,76437,170917.959
876.5,345232,9,935,0,0,69235,68999,154287.4294
877.5,310618,7,1002,0,0,62325,62073,138800.458
878.5,278530,5,1075,0,0,55922,55652,124442.523
879.5,248914,4,1154,0,0,50014,49726,111189.3768
880.5,221699,3,1238,0,0,44588,44278,99009.50779
881.5,196796,2,1330,0,0,39626,39293,87862.81017
882.5,174104,2,1429,0,0,35107,34750,77704.14663
883.5,153513,1,1536,0,0,31010,30627,68484.48723
884.5,134905,0,1651,0,0,27311,26900,60151.01121
885.5,118157,0,1776,0,0,23987,23545,52648.47084
886.5,103144,0,1910,0,0,21011,20537,45921.30293
887.5,89739,0,2056,0,0,18359,17849,39912.56335
888.5,77818,0,2214,0,0,16006,15459,34567.03167
889.5,67257,0,2384,0,0,13928,13340,29829.57311
890.5,57937,0,2568,0,0,12101,11470,25647.22006
891.5,49745,0,2768,0,0,10503,9825,21969.88743
892.5,42570,0,2984,0,0,9111,8385,18748.83845
893.5,36311,0,3217,0,0,7906,7129,15940.08511
894.5,30871,0,3471,0,0,6868,6038,13501.77663
895.5,26160,0,3745,0,0,5981,5097,11396.36806
896.5,22095,0,4042,0,0,5227,4289,9590.336741
897.5,18602,0,4364,0,0,4593,3603,8055.921251
898.5,15610,0,4713,0,0,4064,3027,6769.039873
899.5,13056,0,5091,0,0,3629,2555,5712.151416
900.5,10886,0,5501,0,0,3277,2180,4874.916492
901.5,9046,0,5945,0,0,2998,1900,4249.327147
902.5,7494,0,6428,0,0,2784,1713,3831.279264
903.5,6188,0,6951,0,0,2628,1614,3608.361152
904.5,5093,0,7519,0,0,2522,1592,3558.844658
905.5,4178,0,8135,0,0,2463,1633,3650.750443
906.5,3417,0,8804,0,0,2444,1722,3850.83552
907.5,2786,0,9530,0,0,2463,1847,4130.554587
908.5,2264,0,10319,0,0,2516,1999,4470.488765
909.5,1834,0,11175,0,0,2602,2173,4857.915314
910.5,1481,0,12105,0,0,2717,2364,5286.977085
911.5,1192,0,13115,0,0,2862,2574,5755.128999
912.5,957,0,14213,0,0,3034,2801,6262.975291
913.5,765,0,15406,0,0,3234,3047,6812.301608
914.5,610,0,16703,0,0,3463,3312,7406.320193
915.5,485,0,18112,0,0,3719,3599,8048.448409
916.5,384,0,19644,0,0,4006,3910,8743.71253
917.5,304,0,21310,0,0,4323,4247,9497.045814
918.5,239,0,23121,0,0,4672,4613,10313.82376
919.5,188,0,25091,0,0,5056,5009,11200.31313
920.5,147,0,27234,0,0,5476,5439,12163.14652
921.5,115,0,29564,0,0,5936,5907,13208.65921
922.5,89,0,32099,0,0,6438,6415,14345.21047
923.5,69,0,34857,0,0,6985,6968,15580.83851
924.5,53,0,37859,0,0,7582,7569,16925.14949
925.5,41,0,41124,0,0,8233,8223,18386.63653
926.5,32,0,44678,0,0,8942,8934,19977.03612
927.5,24,0,48546,0,0,9714,9708,21707.75041
928.5,19,0,52756,0,0,10555,10550,23591.07761
929.5,14,0,57338,0,0,11471,11467,25640.76861
930.5,11,0,62327,0,0,12467,12465,27872.25234
931.5,8,0,67757,0,0,13553,13551,30300.95736
932.5,6,0,73669,0,0,14735,14734,32945.10765
933.5,5,0,80106,0,0,16022,16021,35823.93333
934.5,3,0,87114,0,0,17424,17423,38958.22977
935.5,3,0,94745,0,0,18949,18949,42370.91672
936.5,2,0,103054,0,0,20611,20611,46086.92627
937.5,1,0,112101,0,0,22420,22420,50132.97947
938.5,1,0,121953,0,0,24391,24391,54538.92781
939.5,0,0,132681,0,0,26536,26536,59336.74706
940.5,0,0,144363,0,0,28873,28873,64561.09629
941.5,0,0,157085,0,0,31417,31417,70250.54765
942.5,0,0,170938,0,0,34188,34188,76445.79759
943.5,0,0,186024,0,0,37205,37205,83192.46189
944.5,0,0,202451,0,0,40490,40490,90538.83962
945.5,0,0,220339,0,0,44068,44068,98538.59642
946.5,0,0,239817,0,0,47963,47963,107249.4228
947.5,0,0,261026,0,0,52205,52205,116734.376
948.5,0,0,284119,0,0,56824,56824,127061.8795
949.5,0,0,309262,0,0,61852,61852,138306.171
950.5,0,0,336636,0,0,67327,67327,150548.1959
951.5,0,0,366438,0,0,73288,73288,163876.0555
952.5,0,0,398882,0,0,79776,79776,178385.4534
953.5,0,0,434198,0,0,86840,86840,194179.2487
954.5,0,0,472638,0,0,94528,94528,211370.1393
955.5,0,0,514477,0,0,102895,102895,230081.109
956.5,0,0,560010,0,0,112002,112002,250444.0856
957.5,0,0,609560,0,0,121912,121912,272603.5193
958.5,0,0,663476,0,0,132695,132695,296715.4875
959.5,0,0,722138,0,0,144428,144428,322949.9314
960.5,0,0,785954,0,0,157191,157191,351489.3142
961.5,0,0,855373,0,0,171075,171075,382534.4348
962.5,0,0,930875,0,0,186175,186175,416299.9557
963.5,0,0,1012984,0,0,202597,202597,453020.2168
964.5,0,0,1102268,0,0,220454,220454,492949.2355
965.5,0,0,1199338,0,0,239868,239868,536360.2592
966.5,0,0,1304860,0,0,260972,260972,583551.1322
967.5,0,0,1419552,0,0,283911,283910,634842.9539
968.5,0,0,1544193,1,0,308839,308838,690583.9919
969.5,0,0,1679621,2,0,335925,335924,751149.1229
970.5,0,0,1826748,3,0,365350,365349,816946.2057
971.5,0,0,1986555,5,0,397312,397311,888413.8452
972.5,0,0,2160104,7,0,432022,432021,966027.0939
973.5,0,0,2348542,12,0,469711,469708,1050298.57
974.5,0,0,2553104,19,0,510625,510620,1141780.695
975.5,0,0,2775128,32,0,555032,555024,1241071.393
976.5,0,0,3016053,52,0,603221,603208,1348814.093
977.5,0,0,3277432,87,0,655504,655482,1465702.422
978.5,0,0,3560940,147,0,712217,712181,1592484.347
979.5,0,0,3868379,251,0,773726,773663,1729963.622
980.5,0,0,4201691,433,0,840425,840317,1879004.938
981.5,0,0,4562968,754,0,912744,912556,2040537.052
982.5,0,0,4954456,1325,0,991156,990825,2215552.016
983.5,0,0,5378576,2353,0,1076186,1075598,2405109.454
984.5,0,0,5837926,4220,0,1168429,1167374,2610328.706
985.5,0,0,6335299,7648,0,1268589,1266678,2832378.708
986.5,0,0,6873693,14003,0,1377539,1374041,3072449.361
987.5,0,0,7456328,25903,0,1496446,1489979,3331694.091
988.5,0,0,8086655,48415,0,1627014,1614937,3611109.951
989.5,0,0,8768376,91434,0,1771962,1749193,3911314.715
990.5,0,0,9505457,174485,0,1935988,1892669,4232136.056
991.5,0,0,10302146,336467,0,2127723,2044644,4571963.608
992.5,0,0,11162990,655656,0,2363729,2203476,4927122.687
993.5,0,0,12092850,1291141,0,2676798,2367254,5293340.703
994.5,0,0,13096928,2569503,0,3133286,2540123,5679886.809
995.5,0,0,14180777,5167925,0,3869740,2765207,6183191.557
996.5,0,0,15350329,10504792,0,5171024,3257958,7285015.425
997.5,0,0,16611914,21581188,0,7638620,4743210,10606139.19
998.5,0,0,17972281,44811712,0,12556799,8782729,19638778.36
999.5,0,0,19438623,94047478,0,22697220,18230427,40764473.38
